F1,F2,F3,B1,B2,B3,max_formant,spectral_rolloff,smooth_error,time,rel_time,prop_time,id,label,file_name,group,speaker_num,point_heuristic,optimized,word,stress,dur,pre_word,fol_word,pre_seg,fol_seg,abs_pre_seg,abs_fol_seg,context
513.0005254707618,1368.3143835616204,2598.247543862244,3.229306125601366,3.338103206034142,4.419677960517169,6164.102564102564,7.689995742433955,0.00019660688992460793,0.033494331065759636,0.033,0.3173076923076923,0-0-3-4,ay0,josef-fruehwald_speaker,group_0,1,fave,4,sunlight,2,0.08000000000000007,the,strikes,L,T,L,T,internal
519.2336063897403,1459.2395268869984,2038.2285941342013,2.9624428493753463,3.038004549406219,3.8313385876886414,5641.025641025641,7.633799559411677,0.000035116716420716365,0.025494331065759636,0.025,0.26595744680851063,0-0-4-3,ay0,josef-fruehwald_speaker,group_0,1,fave,4,strikes,1,0.06999999999999984,sunlight,raindrops,R,K,R,K,internal
526.653728527767,1373.7097752543166,2388.146089287401,3.4723804824513818,3.505881264246774,3.347015743995231,6164.102564102564,7.5899266555147165,0.00021677353870872234,0.04749433106575963,0.047,0.3790322580645161,0-0-25-1,ay0,josef-fruehwald_speaker,group_0,1,fave,4,white,1,0.09999999999999964,of,light,W,T,W,T,internal
542.8742380772488,1245.6089317252024,2642.390064122892,2.8773952654233614,3.034067032767145,3.8808294833539234,5292.307692307692,7.804464955153016,0.00009884750884702461,0.025494331065759636,0.025,0.21929824561403513,0-0-26-1,ay0,josef-fruehwald_speaker,group_0,1,fave,4,light,1,0.08999999999999986,white,"",L,T,L,T,internal
577.5772204145575,1206.5181551034098,2595.7526715980816,2.9851554273409273,3.138314495086911,4.249178558048402,5117.948717948718,7.33962905447946,0.0007329840659273638,0.025494331065759636,0.025,0.21929824561403513,0-0-343-1,ay0,josef-fruehwald_speaker,group_0,1,fave,4,lights,1,0.09000000000000341,green,when,L,T,L,T,internal
552.7773229318072,1433.3172954186844,2034.246323291266,3.4407273095817468,2.9390204298289224,4.6026897609313515,4420.51282051282,7.5108612090963245,0.00006018232086003586,0.025494331065759636,0.025,0.2976190476190476,0-0-354-1,ay0,josef-fruehwald_speaker,group_0,1,fave,4,type,1,0.05999999999998806,common,of,T,P,T,P,internal
440.7886453386295,1791.5497927090225,2177.2544690205955,3.3413147350536105,3.602322415001003,4.252554349824516,6338.461538461539,7.633114040773027,0.0009650014275563899,0.02549433106575964,0.025,0.24038461538461545,0-0-5-1,ey,josef-fruehwald_speaker,group_0,1,fave,4,raindrops,1,0.08000000000000007,strikes,in,R,N,R,N,internal
472.7964569941651,1878.1369684439078,3416.3664385246034,4.214615809557398,2.69750697293674,3.11645926362438,8779.48717948718,7.703915844807287,0.00278544383991382,0.025494331065759636,0.025,0.21929824561403513,0-0-17-1,ey,josef-fruehwald_speaker,group_0,1,fave,4,rainbow,1,0.08999999999999986,formza,"",R,N,R,N,internal
420.79102657863456,1705.0047520117241,1971.0706535429485,3.4397824205500784,3.5055027864096804,3.3083990184941205,4943.589743589744,7.691595969697125,0.0002539978278391021,0.025494331065759646,0.025,0.24038461538461536,0-0-20-1,ey,josef-fruehwald_speaker,group_0,1,fave,4,rainbow,1,0.08000000000000007,the,is,R,N,R,N,internal
370.79103481405247,2012.6316926950533,2665.9443231056484,2.539547634094706,3.341820115475327,3.7606333108404737,5641.025641025641,7.655729181769586,4.3968391277776425e-6,0.02549433106575964,0.025,0.33783783783783783,0-0-34-1,ey,josef-fruehwald_speaker,group_0,1,fave,4,take,1,0.05000000000000071,these,the,T,K,T,K,internal
372.2305277618798,1839.2896838452896,2331.4336273957497,2.9275600246519793,3.6208232195566827,3.934177223406887,5466.666666666667,7.9213683806794695,0.00018808167338430612,0.025494331065759643,0.025,0.17361111111111113,0-0-36-1,ey,josef-fruehwald_speaker,group_0,1,fave,4,shape,1,0.11999999999999922,the,"",SH,P,SH,P,internal
373.2281877740377,1750.0098838178524,1868.7704408462357,3.4019541966461557,4.589805629919575,3.4303216953078577,5815.384615384615,7.6308817391069965,0.000552890684798296,0.025494331065759632,0.025,0.24038461538461536,0-0-115-1,ey,josef-fruehwald_speaker,group_0,1,fave,4,rainbow,1,0.0800000000000054,the,"",R,N,R,N,internal
446.7337325993765,1574.0044671427097,2394.997600804174,2.9837028673069788,4.101684035090343,3.481216846992981,5466.666666666667,7.8279484021503665,0.0004631833153527476,0.025494331065759636,0.025,0.20161290322580647,0-0-123-5,ey,josef-fruehwald_speaker,group_0,1,fave,4,explained,1,0.10000000000000142,have,the,L,N,L,N,internal
485.2232156138871,1912.6998571004688,2270.977395744573,3.3574286844010737,3.5086518035179886,3.6469374833668153,6338.461538461539,7.7187259081856885,0.0001934060636616956,0.03949433106575964,0.03900000000000001,0.3750000000000001,0-0-125-1,ey,josef-fruehwald_speaker,group_0,1,fave,4,rainbow,1,0.0799999999999983,the,in,R,N,R,N,internal
462.32700889474535,1531.6029313089498,2300.9125249097137,2.498863042281216,3.564990361381195,3.7724796783728913,5292.307692307692,7.58906565521065,0.004179042527581685,0.025494331065759615,0.025,0.0946969696969697,0-0-128-1,ey,josef-fruehwald_speaker,group_0,1,fave,4,ways,1,0.23999999999999488,various,"",W,Z,W,Z,internal
415.57891982529753,1843.419042430482,2367.4648774672855,3.173981246508408,3.2445780155589685,3.7550177737137083,4943.589743589744,7.186555214742472,0.0033779738815755507,0.04549433106575965,0.045000000000000005,0.31250000000000006,0-0-141-7,ey,josef-fruehwald_speaker,group_0,1,fave,4,explanation,1,0.11999999999999744,physical,"",N,SH,N,SH,internal
521.4378567691647,1870.119013500559,2205.810765417945,3.3901907209403475,3.470398360368357,3.7874188877890766,5117.948717948718,7.662048178670192,0.0011261482573877927,0.06549433106575964,0.065,0.48507462686567165,0-0-163-1,ey,josef-fruehwald_speaker,group_0,1,fave,4,rain,1,0.10999999999999943,heavy,"",R,N,R,N,internal
454.43325582970857,2065.1916668594117,2693.0300798646504,3.818573957894436,2.7887713295574748,4.790071706606955,6687.179487179487,7.799309637816613,0.0006381612981130332,0.07749433106575965,0.07700000000000001,0.6754385964912283,0-0-169-1,ey,josef-fruehwald_speaker,group_0,1,fave,4,rainbow,1,0.09000000000000341,the,as,R,N,R,N,internal
470.2087014065987,1585.6668620006355,2317.261310779564,2.9907849319759685,3.3352449459938094,3.799582222911718,5292.307692307692,8.089430257523045,0.00007180827570340138,0.025494331065759636,0.025,0.21929824561403513,0-0-195-5,ey,josef-fruehwald_speaker,group_0,1,fave,4,explain,1,0.09000000000000341,to,the,L,N,L,N,internal
417.70035961847486,1822.5585996871819,2188.456896670661,3.0489005261683064,3.71370441619911,3.8694700483536133,5989.74358974359,7.710847250097258,0.00045021303760185813,0.025494331065759636,0.025,0.21929824561403513,0-0-206-1,ey,josef-fruehwald_speaker,group_0,1,fave,4,rainbow,1,0.09000000000000341,the,was,R,N,R,N,internal
368.1859724614542,1766.8742483218193,2364.374263632136,2.476015154878485,3.2171674675776454,3.780041335636316,6512.820512820513,7.662790845422679,0.00026218845017019713,0.025494331065759643,0.025,0.11160714285714288,0-0-215-1,ey,josef-fruehwald_speaker,group_0,1,fave,4,rays,1,0.20000000000000284,sun's,by,R,Z,R,Z,internal
458.2277769990764,1653.6957117760323,2015.5837562399095,3.2187296111172325,3.491264903753073,3.689465274874669,6512.820512820513,7.65963973967812,0.00040458721979773436,0.025494331065759636,0.025,0.1865671641791045,0-0-218-1,ey,josef-fruehwald_speaker,group_0,1,fave,4,rain,1,0.10999999999999943,the,"",R,N,R,N,internal
489.75664282895923,1960.603548407064,2141.172987311043,3.3236732972243375,3.844912714242899,3.4878965084660316,5641.025641025641,7.987481396985611,0.0002968436802724641,0.047494331065759635,0.047,0.451923076923077,0-0-237-1,ey,josef-fruehwald_speaker,group_0,1,fave,4,raindrops,1,0.0799999999999983,the,"",R,N,R,N,internal
454.18890097247646,1853.9374077636355,3186.2869170306053,4.336326885712103,2.4687974870951126,3.663342623243925,10000.0,7.631244482994866,0.00027804863698400366,0.025494331065759646,0.025,0.24038461538461536,0-0-242-1,ey,josef-fruehwald_speaker,group_0,1,fave,4,rainbow,1,0.0799999999999983,the,"",R,N,R,N,internal
422.6740819260518,1949.96216734117,2374.200821278697,2.762074197357281,3.2927109224904916,3.8968111495237903,5641.025641025641,8.133576151233278,0.0000894784352538726,0.09549433106575964,0.095,0.7089552238805972,0-0-245-7,ey,josef-fruehwald_speaker,group_0,1,fave,4,complicated,2,0.10999999999999943,many,ideas,K,T,K,T,internal
374.53004557936504,1782.6803211181364,2057.6300002160665,3.2877015316002707,3.481821528581836,3.9152211799239134,6687.179487179487,7.602079098961159,0.00004820914875685791,0.025494331065759636,0.025,0.26595744680851063,0-0-249-1,ey,josef-fruehwald_speaker,group_0,1,fave,4,rainbow,1,0.07000000000000739,the,have,R,N,R,N,internal
427.192789675835,1988.8607673098938,2203.8072770929643,2.8668038071613338,3.5422244481255887,3.407528692158015,5641.025641025641,7.765083618540824,0.000037844485416105036,0.08949433106575963,0.089,0.7807017543859649,0-0-258-1,ey,josef-fruehwald_speaker,group_0,1,fave,4,rainbow,1,0.0899999999999892,the,depends,R,N,R,N,internal
550.5414651312042,1959.9828181044643,3467.3408583417086,4.585936849067015,2.937181409316411,4.090118442453519,9476.923076923078,7.622682097768202,0.000015343232072026362,0.041494331065759636,0.041,0.4880952380952381,0-0-288-1,ey,josef-fruehwald_speaker,group_0,1,fave,4,rainbow,1,0.060000000000002274,primary,observed,R,N,R,N,internal
424.6739827038452,2090.222728075426,2568.4404805644836,3.0381889180233594,3.3169271237553333,3.725906421660143,5815.384615384615,8.241930621182387,0.00022159554175615133,0.047494331065759635,0.047,0.3790322580645161,0-0-363-1,ey,josef-fruehwald_speaker,group_0,1,fave,4,mainly,1,0.10000000000000853,"",red,M,N,M,N,internal
646.276742774839,1312.2530890795117,2121.103226080909,3.2855031396697356,3.215698947898281,3.808081160317014,4594.871794871795,7.277597324852825,0.00009626221506862232,0.035494331065759645,0.035,0.33653846153846156,0-0-5-5,o,josef-fruehwald_speaker,group_0,1,fave,4,raindrops,2,0.08000000000000007,strikes,in,R,P,R,P,internal
634.2466936426066,1236.5970560786263,3081.258160612657,3.818148849725841,3.334122916969786,3.4270080413947728,6338.461538461539,7.261994317014136,0.00008019268915245729,0.031494331065759634,0.031,0.32978723404255317,0-0-71-1,o,josef-fruehwald_speaker,group_0,1,fave,4,pot,1,0.06999999999999673,boiling,of,P,T,P,T,internal
703.0323180510434,1268.9659020398476,3036.5951150072933,3.679809545362816,3.3365492442982077,3.628443330221516,5641.025641025641,7.944246726414399,0.0012503840974012713,0.06749433106575964,0.067,0.32843137254901966,0-0-106-1,o,josef-fruehwald_speaker,group_0,1,fave,4,pot,1,0.17999999999999972,the,of,P,T,P,T,internal
684.5510765446435,1412.8398882558843,3176.1761338742863,4.3331174207087475,3.8910266350556255,3.870142568018018,9128.205128205129,7.288697199434833,0.001074910032401277,0.06749433106575964,0.067,0.3284313725490197,0-0-156-1,o,josef-fruehwald_speaker,group_0,1,fave,4,gods,1,0.17999999999999972,the,to,G,D,G,D,internal
660.8437234463312,1373.6280355690988,2287.9739939639385,3.2727944581155106,2.769370635464689,4.395203635575177,4769.2307692307695,7.811380678540783,0.00094323963809443,0.06549433106575961,0.065,0.33505154639175255,0-0-177-1,o,josef-fruehwald_speaker,group_0,1,fave,4,gods,1,0.1700000000000017,the,passed,G,D,G,D,internal
693.8431009086921,1414.0327356754572,3105.331831416852,4.416292955688514,3.1940996114383724,4.063672990535646,7035.897435897436,7.784929222193474,0.0002196395010935243,0.041494331065759636,0.041,0.3306451612903226,0-0-197-3,o,josef-fruehwald_speaker,group_0,1,fave,4,phenomenon,1,0.10000000000000142,the,"",N,M,N,M,internal
719.8797889266152,1391.2614206280314,2985.0762112581538,4.286275928419923,3.281426545063638,4.006513572156984,5989.74358974359,7.854322581217728,0.0002743110609108183,0.03749433106575964,0.037000000000000005,0.324561403508772,0-0-197-7,o,josef-fruehwald_speaker,group_0,1,fave,4,phenomenon,2,0.0899999999999963,the,"",N,N,N,N,internal
722.6263173606466,1353.360679878305,2957.550536535057,4.129634368782278,3.542485867814723,3.7830904084216357,6512.820512820513,7.912853670361091,0.0028012953702055685,0.04549433106575963,0.045,0.33582089552238803,0-0-201-5,o,josef-fruehwald_speaker,group_0,1,fave,4,aristotle,2,0.10999999999999943,"",thought,T,T,T,T,internal
780.6593858926938,1354.485339675808,3116.4999619395376,4.279252996495079,3.510082207531798,3.8118509658755357,6687.179487179487,8.092354744506972,0.0007990934874168529,0.05749433106575966,0.057,0.32758620689655177,0-0-228-1,o,josef-fruehwald_speaker,group_0,1,fave,4,not,1,0.15000000000000568,is,"",N,T,N,T,internal
624.789532134991,1271.9366159030924,1967.2951643392555,3.4274190638049844,2.6356280833645926,4.3948076131150895,3897.4358974358975,7.70887580223079,0.00018550146242812961,0.04549433106575963,0.045,0.33582089552238803,0-0-237-5,o,josef-fruehwald_speaker,group_0,1,fave,4,raindrops,2,0.10999999999999943,the,"",R,P,R,P,internal
673.1145465112907,1397.7370205725576,2035.7225114067635,3.8696715613149735,3.2199884075873193,4.408004906545985,4594.871794871795,7.743924639079726,0.0004477536877072762,0.035494331065759645,0.035,0.33653846153846156,0-0-245-1,o,josef-fruehwald_speaker,group_0,1,fave,4,complicated,1,0.0800000000000125,many,ideas,K,M,K,M,internal
682.164673813196,1238.1316867526198,3129.184100489093,4.268536862533154,3.292733554109138,3.3439778065191024,7035.897435897436,7.230427089009278,0.0288072094725584,0.04549433106575963,0.045,0.33582089552238803,0-0-261-2,o,josef-fruehwald_speaker,group_0,1,fave,4,upon,1,0.10999999999999943,considerably,the,P,N,P,N,internal
635.4247217234558,1238.1620345358494,2041.3468123284913,3.5697262514234027,3.2756615428943396,4.749315185379185,5117.948717948718,7.624163118333987,0.007273781970801752,0.041494331065759636,0.041,0.3306451612903226,0-0-267-2,o,josef-fruehwald_speaker,group_0,1,fave,4,drops,1,0.10000000000000853,water,"",R,P,R,P,internal
664.0903483274774,1303.291698493119,3141.9293666840435,3.513800342435401,3.2923941871108506,4.018975066705681,7035.897435897436,7.173533787569572,0.0001436868620317775,0.041494331065759636,0.041,0.3306451612903226,0-0-282-2,o,josef-fruehwald_speaker,group_0,1,fave,4,drops,1,0.09999999999999432,the,increase,R,P,R,P,internal
628.8690018612501,1106.8514089703767,3180.0372072862856,4.506378834985664,3.1733058233480635,4.088690126289239,6861.538461538462,7.30706957805253,0.0004923058442027359,0.04149433106575963,0.041,0.3306451612903226,0-0-316-2,o,josef-fruehwald_speaker,group_0,1,fave,4,upon,1,0.10000000000000853,"",the,P,N,P,N,internal
609.8331522926105,1222.1441875208936,1641.8243548006583,4.247770329935064,2.9986153034049288,4.354089203167656,3723.076923076923,7.966757934962015,0.004908386690713508,0.03749433106575964,0.037000000000000005,0.324561403508772,0-0-353-1,o,josef-fruehwald_speaker,group_0,1,fave,4,common,1,0.09000000000000341,very,type,K,M,K,M,internal
357.84021343520635,2017.502629256249,2485.233493454223,3.091905406114406,3.2556116100717425,4.125336228380874,6687.179487179487,7.7089131407418,0.0005690161974013203,0.04549433106575963,0.045,0.33582089552238803,0-0-7-1,iyF,josef-fruehwald_speaker,group_0,1,fave,4,the,0,0.10999999999999943,in,air,DH,#,DH,eR,final
313.7979473665936,2217.5466694778447,2594.4750869056784,3.2017149662715223,3.385639903847541,4.046447055484828,4943.589743589744,7.141102105891697,0.0001331377534420492,0.035494331065759645,0.035,0.33653846153846156,0-0-29-3,iyF,josef-fruehwald_speaker,group_0,1,fave,4,many,0,0.08000000000000007,into,beautiful,N,#,N,B,final
328.35425631031814,2204.53546141531,3518.7923204098634,3.447310778649792,3.0617261348271385,4.208471964136571,7384.615384615385,7.723745441840697,0.0007013372796607927,0.03749433106575964,0.037000000000000005,0.324561403508772,0-0-111-1,iyF,josef-fruehwald_speaker,group_0,1,fave,4,the,0,0.08999999999999986,at,end,DH,#,DH,e,final
306.9971956942282,2059.470609519503,3519.248885418016,3.631263964107278,2.51411985382267,4.05431381205937,8605.128205128205,7.5467046030332705,0.00009372262169728863,0.03549433106575964,0.035,0.3365384615384616,0-0-162-3,iyF,josef-fruehwald_speaker,group_0,1,fave,4,heavy,0,0.0799999999999983,or,rain,V,#,V,R,final
312.3371321347824,2334.5739570947662,3947.970519066415,2.9706861544052123,3.50281723918657,3.851000298051201,8082.051282051282,6.400783793334202,0.005883053970129097,0.06749433106575964,0.067,0.3284313725490197,0-0-199-6,iyF,josef-fruehwald_speaker,group_0,1,fave,4,physically,0,0.17999999999999972,"","",L,#,L,"",final
349.9619224226823,2159.2678354839386,3513.8490930883704,2.8566448857003692,3.374993374386159,3.926746648949394,7558.974358974359,7.716309541214749,0.0000658092573872701,0.027494331065759638,0.027000000000000003,0.32142857142857145,0-0-244-3,iyF,josef-fruehwald_speaker,group_0,1,fave,4,many,0,0.060000000000002274,"",complicated,N,#,N,K,final
395.33226565522216,1862.25977947385,2256.3732816440925,3.1950256545833535,3.1578064484116313,4.55664423479249,6338.461538461539,7.6338579016706545,0.0004862898681711414,0.041494331065759636,0.041,0.3306451612903226,0-0-287-6,iyF,josef-fruehwald_speaker,group_0,1,fave,4,primary,0,0.10000000000000853,actual,rainbow,R,#,R,R,final
424.5081722427743,1718.8163482064158,1979.8620842068237,2.8182169829956956,3.38007121229945,2.8596102376266814,5815.384615384615,7.754363693531243,0.000019545485822987688,0.027494331065759638,0.027000000000000003,0.32142857142857145,0-0-352-3,iyF,josef-fruehwald_speaker,group_0,1,fave,4,very,0,0.05999999999998806,a,common,R,#,R,K,final
354.97222555613695,1936.751517811449,2497.810015914767,3.2786280750633154,3.1231112411089126,3.3652252802655913,4769.2307692307695,7.834046550535792,0.00003836975721603788,0.02749433106575963,0.027000000000000003,0.32142857142857145,0-0-363-4,iyF,josef-fruehwald_speaker,group_0,1,fave,4,mainly,0,0.060000000000002274,"",red,L,#,L,R,final
446.31797050933653,2048.9739894450577,2546.220571901351,2.980250865039775,3.309990018710811,3.6767830665274843,5815.384615384615,7.768212256167691,0.0005290910715049258,0.06149433106575965,0.061000000000000006,0.3315217391304348,0-0-8-0,eR,josef-fruehwald_speaker,group_0,1,fave,4,air,1,0.16000000000000014,the,"",#,R,iyF,R,initial
393.8494964328724,1682.860248667237,2571.9217118102033,3.6750210902753295,3.4062101125432873,3.8590086521236957,6338.461538461539,7.8138111786550155,1.3042606435073878e-6,0.02549433106575964,0.025,0.33783783783783783,0-0-62-1,eR,josef-fruehwald_speaker,group_0,1,fave,4,there,1,0.05000000000000071,"",is,DH,R,DH,R,internal
399.6633692353415,1691.5856792296586,2201.803816666732,2.650712762110826,3.556851924422447,3.6673560122376494,5815.384615384615,7.564540972939151,0.00006070851464341495,0.041494331065759636,0.041,0.3306451612903226,0-0-127-1,eR,josef-fruehwald_speaker,group_0,1,fave,4,various,1,0.10000000000000142,in,ways,V,R,V,R,internal
691.3638602649628,1508.8755787135285,2155.4312565479845,3.7059043482242067,3.3201311248552074,3.6457819644838163,5641.025641025641,7.806188910899117,0.000027428379789923637,0.027494331065759638,0.027000000000000003,0.32142857142857145,0-0-201-0,eR,josef-fruehwald_speaker,group_0,1,fave,4,aristotle,1,0.060000000000002274,"",thought,#,R,"",R,initial
547.4690644332347,1425.4249129236855,2176.565087855815,4.232846779210467,3.144712040253624,3.9172922586452357,5989.74358974359,7.657075614636322,0.00011234716993640085,0.03749433106575964,0.037000000000000005,0.324561403508772,0-0-352-1,eR,josef-fruehwald_speaker,group_0,1,fave,4,very,1,0.09000000000000341,a,common,V,R,V,R,internal
608.5883991978276,1723.5421286465946,2370.0613160138705,3.2571038452832677,3.1176753491612175,3.7217314333210876,5641.025641025641,7.744599208936393,0.0006545280223323112,0.07749433106575965,0.07700000000000001,0.3290598290598291,0-0-11-0,ae,josef-fruehwald_speaker,group_0,1,fave,4,act,1,0.20999999999999996,they,like,#,K,eyF,K,initial
978.5363326632297,1788.9482531983626,3225.3454106332506,3.989087995719787,3.3908286278023376,4.163914687829064,6164.102564102564,8.036146529901835,0.020975244480753923,0.037494331065759626,0.037,0.32456140350877194,0-0-110-0,ae,josef-fruehwald_speaker,group_0,1,fave,4,at,1,0.08999999999999986,"",the,#,T,"",T,initial
572.7408199767589,1055.1457953955587,3140.359543983702,3.4457111231807147,3.526286470714133,4.385636403866365,5292.307692307692,7.03310867624164,0.002492477615391716,0.05149433106575962,0.051000000000000004,0.3311688311688311,0-0-122-1,ae,josef-fruehwald_speaker,group_0,1,fave,4,have,1,0.13000000000000256,"",explained,HH,V,HH,V,internal
529.9246034554992,1211.6039509579919,2751.441115889321,3.7773582702108905,3.5032885245219596,4.572973940570735,6164.102564102564,7.966455813707817,0.0000617905878697212,0.03149433106575963,0.031,0.32978723404255317,0-0-131-1,ae,josef-fruehwald_speaker,group_0,1,fave,4,have,1,0.07000000000000028,some,accepted,HH,V,HH,V,internal
634.1974618429562,1672.9939939362935,2232.5209688309797,3.1439642368985963,2.57889644488889,3.76987493093719,4769.2307692307695,7.547833793660503,0.00019765626537379287,0.05549433106575962,0.055,0.3353658536585366,0-0-148-2,ae,josef-fruehwald_speaker,group_0,1,fave,4,imagine,1,0.14000000000000057,to,that,M,JH,M,JH,internal
531.1397352247532,1549.6856925088257,2469.95850541046,3.1858247494979315,3.0017733806409232,4.596435552199686,5466.666666666667,7.380194837628142,0.00007447939791227086,0.03549433106575964,0.035,0.3365384615384616,0-0-149-1,ae,josef-fruehwald_speaker,group_0,1,fave,4,that,1,0.0799999999999983,imagine,it,DH,T,DH,T,internal
553.0017829254188,1584.801944468162,2343.2527763635835,3.010331020797613,2.832094482094821,3.6664727777161237,4943.589743589744,7.728106713282118,0.0018269981420468465,0.06549433106575964,0.065,0.33505154639175255,0-0-170-0,ae,josef-fruehwald_speaker,group_0,1,fave,4,as,1,0.1699999999999946,rainbow,a,#,Z,owF,Z,initial
622.1738759277862,1629.074536868443,2301.084897966599,2.893574393195797,3.030980315597979,4.55808310747143,5989.74358974359,7.521010385868234,0.0010923812891012472,0.06749433106575964,0.067,0.3284313725490197,0-0-203-1,ae,josef-fruehwald_speaker,group_0,1,fave,4,that,1,0.17999999999999972,thought,"",DH,T,DH,T,internal
516.5448747952184,1530.896743478678,2386.052136244484,2.937130197239,2.849892197371038,4.3403817514533864,5641.025641025641,7.634900067600874,0.0000484238990340097,0.03749433106575964,0.037000000000000005,0.324561403508772,0-0-225-1,ae,josef-fruehwald_speaker,group_0,1,fave,4,that,1,0.09000000000000341,found,it,DH,T,DH,T,internal
679.9190103140936,1533.5571104952726,2200.6266336722138,3.727157325335526,2.963195962030889,3.998567337671294,5466.666666666667,8.066780831501035,0.00018277399059576978,0.04749433106575964,0.047,0.3263888888888889,0-0-233-4,ae,josef-fruehwald_speaker,group_0,1,fave,4,refraction,1,0.12000000000000455,but,"",R,K,R,K,internal
575.7855142911127,1683.9311157545073,2264.6828874394278,3.405163615383035,3.0510777845078305,4.146095828138817,5641.025641025641,7.962279107703446,0.000059990657158588377,0.03749433106575964,0.037000000000000005,0.324561403508772,0-0-286-0,ae,josef-fruehwald_speaker,group_0,1,fave,4,actual,1,0.09000000000000341,the,primary,#,K,@,K,initial
543.5446343706601,1587.7463365343363,2406.813929067869,3.157250287039674,2.914681197853252,3.6356893252323945,5292.307692307692,7.383683985333285,0.0001706312782209436,0.03749433106575964,0.037000000000000005,0.324561403508772,0-0-332-0,ae,josef-fruehwald_speaker,group_0,1,fave,4,abnormally,0,0.0899999999999892,with,wide,#,B,TH,B,initial
416.95600190407146,1580.3287274366267,2172.340353752774,2.3870777579710634,2.9805896236729676,3.942326668762341,5641.025641025641,7.6373876503141656,0.00002480419795824014,0.027494331065759638,0.027000000000000003,0.32142857142857145,0-0-14-2,i,josef-fruehwald_speaker,group_0,1,fave,4,prism,1,0.0600000000000005,a,and,R,Z,R,Z,internal
353.0056567794704,1783.79970159139,2505.667996844578,3.441188311392094,3.1249349123749486,3.566035766632079,6687.179487179487,7.733279774943008,1.986496564798598e-6,0.027494331065759638,0.027000000000000003,0.32142857142857145,0-0-23-3,i,josef-fruehwald_speaker,group_0,1,fave,4,division,1,0.05999999999999872,a,of,V,ZH,V,ZH,internal
343.91922267469596,1665.3414391566118,2049.7739231472524,2.3339565745275044,4.067696491976495,3.880902541911625,4071.794871794872,7.92206149197267,0.03794851374550491,0.11149433106575961,0.11100000000000002,0.3323353293413173,0-0-63-0,i,josef-fruehwald_speaker,group_0,1,fave,4,is,1,0.3100000000000023,there,"",#,Z,R,Z,initial
397.8876131580919,1947.2799799265074,2346.754749614517,3.8380015612987375,3.3389479233810904,4.0820271044671195,5989.74358974359,7.6711160142314085,0.000011592465964414094,0.025494331065759632,0.025,0.33783783783783783,0-0-65-5,i,josef-fruehwald_speaker,group_0,1,fave,4,according,0,0.05000000000000071,"",to,D,NG,D,NG,internal
355.9992130077778,1466.105967149416,3419.480937956621,3.896845671201397,3.505555761294409,4.358680310645326,6512.820512820513,7.407060158338479,0.000028513214092783926,0.025494331065759646,0.025,0.33783783783783783,0-0-70-3,i,josef-fruehwald_speaker,group_0,1,fave,4,boiling,0,0.05000000000000071,a,pot,L,NG,L,NG,internal
379.9395367544818,1631.688282479076,2375.5103540048704,2.3536978599634057,2.8199832831256417,3.858027662213227,5989.74358974359,7.4261826515432485,0.00027780352482808537,0.03749433106575964,0.037000000000000005,0.324561403508772,0-0-86-0,i,josef-fruehwald_speaker,group_0,1,fave,4,it,0,0.08999999999999986,finds,"",#,T,Z,T,initial
371.83077825163923,1710.580833571299,2387.5930487039514,2.4226938984776574,2.99270630208202,4.266936202159048,5815.384615384615,7.526328611801587,0.00029692950479353,0.03749433106575964,0.037000000000000005,0.324561403508772,0-0-95-1,i,josef-fruehwald_speaker,group_0,1,fave,4,his,0,0.08999999999999986,beyond,reach,HH,Z,HH,Z,internal
317.07111491914566,1947.2161769930744,2451.702743078592,2.9956060077852844,3.154217401580965,3.278007204790251,6338.461538461539,7.748674111923076,1.6737199639355228e-6,0.027494331065759638,0.027000000000000003,0.32142857142857145,0-0-102-0,i,josef-fruehwald_speaker,group_0,1,fave,4,is,0,0.05999999999999872,he,looking,#,Z,iyF,Z,initial
408.727809789432,1711.8120080388642,2560.1088294123606,2.633176686263876,2.821398781135724,3.577229938103133,5989.74358974359,7.8584043305563,0.00015284414043940044,0.04749433106575964,0.047,0.3263888888888889,0-0-133-0,i,josef-fruehwald_speaker,group_0,1,fave,4,it,0,0.11999999999999744,accepted,"",#,T,D,T,initial
424.0571364548392,1591.0807972896846,2238.252097063863,2.8277368750073473,3.0893369481661748,3.9650784107822465,5641.025641025641,7.753087796769783,7.361283700556637e-6,0.031494331065759634,0.031,0.32978723404255317,0-0-140-1,i,josef-fruehwald_speaker,group_0,1,fave,4,physical,1,0.07000000000000028,without,explanation,F,Z,F,Z,internal
343.5868403536421,1618.527682590604,2253.781146667507,3.5067632964553375,3.1110540635503,3.9953575654766342,5989.74358974359,7.667841494858138,0.000023199465525157478,0.025494331065759632,0.025,0.33783783783783783,0-0-166-5,i,josef-fruehwald_speaker,group_0,1,fave,4,norsemen,0,0.05000000000000426,the,considered,M,N,M,N,internal
366.83762281586445,1574.1525063584693,2461.779439755613,3.1653357943565847,2.962418957621044,3.9430369407302988,5989.74358974359,7.947897088362641,0.00012455142515364423,0.027494331065759638,0.027000000000000003,0.32142857142857145,0-0-167-4,i,josef-fruehwald_speaker,group_0,1,fave,4,considered,1,0.05999999999999517,norsemen,the,S,D,S,D,internal
390.72237040585577,1767.8660184626547,2247.0757915940635,2.89442852681127,3.3353345604990485,3.9984585510360664,5989.74358974359,7.672071711667713,0.0021202567638694543,0.057494331065759643,0.057,0.3275862068965517,0-0-172-2,i,josef-fruehwald_speaker,group_0,1,fave,4,bridge,1,0.14999999999999858,a,"",R,JH,R,JH,internal
455.0450436183313,1728.272294903018,2373.441061339418,2.642520759913902,3.832043991126055,3.8977182891453523,5641.025641025641,7.629836236138115,0.0028247606579822645,0.05549433106575962,0.055,0.3353658536585366,0-0-186-0,i,josef-fruehwald_speaker,group_0,1,fave,4,in,0,0.14000000000000057,home,the,#,N,M,N,initial
470.26865581785734,1636.6812280615563,2314.114359754389,3.064393131484092,2.5235230630665932,3.5079981209973075,5117.948717948718,7.580093109697226,0.00006771499414236613,0.031494331065759634,0.031,0.32978723404255317,0-0-199-1,i,josef-fruehwald_speaker,group_0,1,fave,4,physically,1,0.07000000000000028,"","",F,Z,F,Z,internal
433.7537998408282,1320.042960317729,1518.546777278028,3.419761311149624,3.191996380152892,3.075191838368163,4594.871794871795,7.224297809481219,0.0001101940026010137,0.027494331065759638,0.027000000000000003,0.32142857142857145,0-0-210-1,i,josef-fruehwald_speaker,group_0,1,fave,4,reflection,0,0.060000000000002274,by,"",R,F,R,F,internal
356.29915955261333,1581.5402307571226,2544.9113770369545,2.8427022691015162,2.9268448692394413,3.9293571115507344,5466.666666666667,8.286180102958198,0.0001917774280048829,0.031494331065759634,0.031,0.32978723404255317,0-0-222-5,i,josef-fruehwald_speaker,group_0,1,fave,4,physicists,0,0.07000000000000739,then,have,S,S,S,S,internal
369.5258899018342,1834.604006944895,2425.27864755737,2.4809706007166588,3.0965405387159404,3.794857099536967,5466.666666666667,7.814163838630311,0.00011424726730231691,0.03749433106575964,0.037,0.32456140350877194,0-0-226-0,i,josef-fruehwald_speaker,group_0,1,fave,4,it,1,0.09000000000000341,that,is,#,T,T,T,initial
346.49568780610815,1532.6489796140734,2422.8394970569575,3.2126941712734203,2.9761076349636126,3.929176608332126,5815.384615384615,7.592825592462585,0.000019656950513589783,0.03549433106575963,0.035,0.33653846153846156,0-0-240-3,i,josef-fruehwald_speaker,group_0,1,fave,4,causes,0,0.0799999999999983,which,the,Z,Z,Z,Z,internal
368.67587311872467,1852.1485460953584,2665.4675408133644,3.8331028513791625,3.26219314965054,4.012856721105658,6861.538461538462,7.745673673785634,0.00004696473499077392,0.03149433106575963,0.031,0.32978723404255317,0-0-255-1,i,josef-fruehwald_speaker,group_0,1,fave,4,difference,1,0.07000000000000739,the,in,D,F,D,F,internal
352.13549486615005,1864.789930726445,2455.2543249711307,2.356617198592675,2.6590218795170935,3.4196149282048083,4769.2307692307695,7.791172153927056,0.002033116683814182,0.05149433106575963,0.051000000000000004,0.3311688311688312,0-0-276-0,i,josef-fruehwald_speaker,group_0,1,fave,4,increases,0,0.13000000000000966,band,as,#,N,D,N,initial
321.5255164800811,1686.8099686841945,2463.172491869543,2.48563787691848,2.6687815627252784,4.017046004835381,5989.74358974359,7.688438018551051,0.000021118524250466518,0.03749433106575964,0.037000000000000005,0.324561403508772,0-0-276-6,i,josef-fruehwald_speaker,group_0,1,fave,4,increases,0,0.0899999999999892,band,as,S,Z,S,Z,internal
340.4907777623922,1702.471286066298,2491.0654780878067,2.958124856148185,3.708544479575085,4.286752230709909,5466.666666666667,8.723914121439991,0.003183477101319036,0.031494331065759634,0.031,0.32978723404255317,0-0-283-0,i,josef-fruehwald_speaker,group_0,1,fave,4,increase,0,0.06999999999999318,drops,"",#,N,S,N,initial
313.9557916940756,1846.910368542709,2024.4593249836123,2.4420857594429335,4.54105387947638,3.3245277488643366,3897.4358974358975,7.836798212688879,0.0032857104900142382,0.07749433106575966,0.07700000000000001,0.3290598290598291,0-0-294-0,i,josef-fruehwald_speaker,group_0,1,fave,4,effect,0,0.20999999999999375,the,"",#,F,iyF,F,initial
376.56715364215273,1646.7432041887575,2544.467090145113,2.760211935402007,2.695296532962256,4.12084544547603,5989.74358974359,7.829407323632941,0.000022629397775413996,0.03549433106575963,0.035,0.33653846153846156,0-0-298-7,i,josef-fruehwald_speaker,group_0,1,fave,4,superposition,1,0.0799999999999983,"",of,Z,SH,Z,SH,internal
361.86417110942676,1685.0238470476447,2975.020686365211,2.788650625152985,3.3732060285981023,4.197747928590823,5815.384615384615,7.8501084836371025,0.22348982080533966,0.04549433106575963,0.045,0.33582089552238803,0-0-305-0,i,josef-fruehwald_speaker,group_0,1,fave,4,if,0,0.10999999999999943,"",the,#,F,"",F,initial
379.08475224498983,1939.0881681203443,2425.142782217416,3.246590558439238,3.064018015172924,3.383826677003393,5815.384615384615,8.12458195473858,0.00006545168493880962,0.03549433106575963,0.035,0.33653846153846156,0-0-327-1,i,josef-fruehwald_speaker,group_0,1,fave,4,give,1,0.0800000000000125,to,a,G,V,G,V,internal
510.5640359325778,1790.7302933542146,3525.1676979673284,4.0179382130709165,3.905117775321144,3.6478571008478284,8256.410256410258,7.535620195599864,0.0000944879263252405,0.027494331065759638,0.027000000000000003,0.32142857142857145,0-0-345-1,i,josef-fruehwald_speaker,group_0,1,fave,4,mixes,1,0.060000000000002274,when,form,M,K,M,K,internal
371.3128307145383,1653.0410010454962,2469.6681190071904,2.834838614765592,3.15886139774253,3.8776045016545444,5989.74358974359,7.9891412796467645,0.000012442460259119358,0.027494331065759638,0.027000000000000003,0.32142857142857145,0-0-349-1,i,josef-fruehwald_speaker,group_0,1,fave,4,this,0,0.060000000000002274,"",is,DH,S,DH,S,internal
471.338213169839,1300.4213948437537,2290.0189927572246,3.646347455467318,3.084803098471154,4.183351611222241,5641.025641025641,7.521571053024688,0.00013120586370123576,0.03549433106575964,0.035,0.3365384615384616,0-0-361-2,i,josef-fruehwald_speaker,group_0,1,fave,4,showing,0,0.0799999999999983,"","",ow,NG,ow,NG,internal
446.1544656196508,1262.7315921453278,2611.8687991931774,3.3798022605052025,3.214926846624572,3.4198303836551407,5815.384615384615,7.9745192712777255,0.000011594157441531063,0.027494331065759638,0.027000000000000003,0.32142857142857145,0-0-369-1,i,josef-fruehwald_speaker,group_0,1,fave,4,little,1,0.060000000000002274,with,"",L,T,L,T,internal
415.0128689058113,1459.0978154439645,2474.581572770724,3.1386206370229552,2.917333093721008,4.0598721160569,4594.871794871795,7.189292147585164,0.00008864879663350658,0.03749433106575964,0.037000000000000005,0.324561403508772,0-0-14-4,@,josef-fruehwald_speaker,group_0,1,fave,4,prism,0,0.08999999999999986,a,and,Z,M,Z,M,internal
438.14476941553426,1611.7278600178881,3407.678217119269,4.229443704481735,3.67212521204481,3.629610229367353,9128.205128205129,7.260127603784565,0.00047607212035280885,0.027494331065759638,0.027000000000000003,0.32142857142857145,0-0-19-1,@,josef-fruehwald_speaker,group_0,1,fave,4,the,0,0.0600000000000005,"",rainbow,DH,#,DH,R,final
303.4434992813849,1866.349247987748,2416.54048624491,2.861777995357464,3.45893581114814,3.792133247984206,5815.384615384615,7.62014121364458,5.357042823845268e-6,0.02549433106575964,0.025,0.33783783783783783,0-0-23-5,@,josef-fruehwald_speaker,group_0,1,fave,4,division,0,0.05000000000000071,a,of,ZH,N,ZH,N,internal
452.98592357701165,1587.7714884304687,2344.5671907091964,3.8365361049874926,3.4804610138664587,3.9089177251860376,5117.948717948718,6.706038222292833,0.00008476616718107807,0.02549433106575964,0.025,0.33783783783783783,0-0-24-0,@,josef-fruehwald_speaker,group_0,1,fave,4,of,0,0.05000000000000071,division,white,#,V,N,V,initial
386.94418438202206,1783.7021500013282,2380.352314173155,3.4030187865802928,2.9470126999074937,3.9984406520837417,4943.589743589744,7.402116664971806,0.00019800320387444606,0.02549433106575964,0.025,0.33783783783783783,0-0-28-3,@,josef-fruehwald_speaker,group_0,1,fave,4,into,0,0.05000000000000071,"",many,T,#,T,M,final
552.0207630672869,1753.2050236150576,2419.0655013789556,2.9589694285171846,2.91421525947304,3.3240820748660367,5466.666666666667,7.560530340559394,0.00015927091540462893,0.03549433106575964,0.035,0.3365384615384616,0-0-50-0,@,josef-fruehwald_speaker,group_0,1,fave,4,above,0,0.08000000000000007,high,"",#,B,ay,B,initial
410.8755571646015,1411.5520719233998,2542.3423543078634,3.3575983163070062,3.3385749139226535,4.330275607145325,5641.025641025641,7.549909799059852,0.00045300980666866447,0.03549433106575964,0.035,0.3365384615384616,0-0-57-0,@,josef-fruehwald_speaker,group_0,1,fave,4,apparently,0,0.08000000000000185,"",beyond,#,P,"",P,initial
459.80802439713887,1721.8115982522263,1972.8724730723948,3.9996654151113153,3.0621442533647305,3.800775712135726,4594.871794871795,7.561873638851271,0.000013943281616655372,0.025494331065759632,0.025,0.33783783783783783,0-0-57-4,@,josef-fruehwald_speaker,group_0,1,fave,4,apparently,0,0.05000000000000071,"",beyond,R,N,R,N,internal
453.7801355218074,1261.6132575849326,2328.9664570803793,3.5822159540664824,3.4185927247071284,4.5216247157033305,5117.948717948718,7.1925330899514925,0.005530857773115917,0.03749433106575964,0.037000000000000005,0.324561403508772,0-0-59-1,@,josef-fruehwald_speaker,group_0,1,fave,4,the,0,0.08999999999999986,beyond,horizon,DH,#,DH,HH,final
487.00565371336825,1286.5525960684017,2535.8598144454445,3.049621630187481,3.36067255004256,4.058214429070752,5292.307692307692,7.392835479448542,0.002823201507002932,0.03549433106575964,0.035,0.3365384615384616,0-0-65-0,@,josef-fruehwald_speaker,group_0,1,fave,4,according,0,0.08000000000000185,"",to,#,K,"",K,initial
390.28190821046115,1327.9636904054064,2394.929961773348,3.166310563441189,3.278833051963507,3.685635776536099,4594.871794871795,7.609104208470289,0.000032998508715898994,0.025494331065759632,0.025,0.33783783783783783,0-0-66-1,@,josef-fruehwald_speaker,group_0,1,fave,4,to,0,0.05000000000000071,according,legend,T,#,T,L,final
315.3944804858798,1786.477928361703,2407.586203043953,2.966185869974517,2.9476314916883886,3.6525324729710844,5815.384615384615,7.514435474503799,0.00008358859960635006,0.027494331065759638,0.027000000000000003,0.32142857142857145,0-0-67-3,@,josef-fruehwald_speaker,group_0,1,fave,4,legend,0,0.05999999999999872,to,"",JH,N,JH,N,internal
519.3547684587753,1158.373778032986,2271.595674346239,3.092966540211191,3.316652282538662,4.292898018548289,4246.153846153846,6.919592744977887,0.000032597525879915514,0.02549433106575964,0.025,0.33783783783783783,0-0-69-0,@,josef-fruehwald_speaker,group_0,1,fave,4,a,0,0.05000000000000071,"",boiling,#,#,"",B,coextensive
523.1099590750927,1511.2977257807975,2320.788546639603,3.0779383978414634,2.769119073655594,3.7810279025743414,5815.384615384615,7.46298919286923,0.000018386494532146356,0.02549433106575964,0.025,0.33783783783783783,0-0-72-0,@,josef-fruehwald_speaker,group_0,1,fave,4,of,0,0.05000000000000071,pot,gold,#,V,T,V,initial
408.8323728353796,1439.9964524418983,3467.313072250511,4.127807430495756,3.3818792877650052,3.960902078447184,6512.820512820513,7.434465156439213,0.00887171477641434,0.027494331065759638,0.027000000000000003,0.32142857142857145,0-0-114-1,@,josef-fruehwald_speaker,group_0,1,fave,4,the,0,0.05999999999999517,of,rainbow,DH,#,DH,R,final
396.87497627989035,1451.5691442440743,2575.947757367909,2.8859534560890414,2.9170307884636824,4.351919987443248,5815.384615384615,7.923934738966516,0.00004051291602559076,0.027494331065759638,0.027000000000000003,0.32142857142857145,0-0-118-1,@,josef-fruehwald_speaker,group_0,1,fave,4,the,0,0.060000000000002274,throughout,centuries,DH,#,DH,S,final
430.1080055915013,1612.2664888178251,2355.954063473957,3.0116879854144702,2.8096474946930843,3.93058612456328,5117.948717948718,8.05958188101415,0.00044441481221472583,0.041494331065759636,0.041,0.3306451612903226,0-0-132-0,@,josef-fruehwald_speaker,group_0,1,fave,4,accepted,0,0.10000000000000142,have,it,#,K,V,K,initial
364.9385528927743,1286.2176220942492,2028.850234481229,3.0481692200160193,3.8659902024981556,3.9064024983517815,4246.153846153846,6.984937060467701,0.190387140917406,1.1954943310657598,1.1949999999999998,0.33342633928571425,0-0-143-1,@,josef-fruehwald_speaker,group_0,1,fave,4,the,0,3.559999999999995,"","",DH,#,DH,"",final
341.8483378944713,1487.72711529639,2544.4814985284,2.709068345104993,2.92540328225384,3.944537174348234,5641.025641025641,7.584133245407848,0.000016871924062910454,0.027494331065759638,0.027000000000000003,0.32142857142857145,0-0-152-0,@,josef-fruehwald_speaker,group_0,1,fave,4,a,0,0.060000000000002274,was,sign,#,#,Z,S,coextensive
328.390399368546,1639.5973569973721,3554.7918718370834,3.9308447529455854,3.33425050179547,4.961370479185218,7384.615384615385,7.521467962897813,0.00010362200451492356,0.02549433106575964,0.025,0.33783783783783783,0-0-171-0,@,josef-fruehwald_speaker,group_0,1,fave,4,a,0,0.05000000000000426,as,bridge,#,#,Z,B,coextensive
401.10334783373764,1476.9997198119293,2529.656689670926,2.8676106206104603,3.1109833162826224,3.963449902980006,6164.102564102564,7.3692476722660105,0.00003443704448126046,0.03149433106575963,0.031,0.32978723404255317,0-0-187-1,@,josef-fruehwald_speaker,group_0,1,fave,4,the,0,0.07000000000000028,in,sky,DH,#,DH,S,final
390.09485428190084,1398.5077668620595,2320.845677823742,3.067483405701107,2.9628940278265685,3.944814506989285,4594.871794871795,7.287446111316233,0.000028190777466351826,0.027494331065759638,0.027000000000000003,0.32142857142857145,0-0-205-1,@,josef-fruehwald_speaker,group_0,1,fave,4,the,0,0.060000000000002274,"",rainbow,DH,#,DH,R,final
369.1010556314083,1810.9471090919888,2336.9473823004028,3.1769027013435807,2.8472268931667775,3.8386580733105653,5989.74358974359,7.679091135533146,0.00017299909213559035,0.03549433106575963,0.035,0.33653846153846156,0-0-210-7,@,josef-fruehwald_speaker,group_0,1,fave,4,reflection,0,0.0800000000000125,by,"",SH,N,SH,N,internal
364.1670358378441,1841.468479982508,2311.1923685652514,2.6904200157734204,3.0661649888732945,3.6110476280587247,5466.666666666667,7.721912092955186,0.00037955143794516836,0.041494331065759636,0.041,0.3306451612903226,0-0-230-7,@,josef-fruehwald_speaker,group_0,1,fave,4,reflection,0,0.10000000000000853,"","",SH,N,SH,N,internal
366.91265083530493,1818.5133539321614,2290.5667613883056,3.034069347966961,3.0288374198800847,3.4690599727860922,5815.384615384615,7.700882583400623,0.00003897357225437005,0.031494331065759634,0.031,0.32978723404255317,0-0-233-7,@,josef-fruehwald_speaker,group_0,1,fave,4,refraction,0,0.07000000000000739,but,"",SH,N,SH,N,internal
375.2097194330358,1739.6515134519889,2566.316936343434,2.2974657965845657,2.836496274044357,3.5730922534683973,5641.025641025641,7.574721163623099,0.00004281036055749479,0.02549433106575964,0.025,0.33783783783783783,0-0-254-1,@,josef-fruehwald_speaker,group_0,1,fave,4,the,0,0.05000000000001137,"",difference,DH,#,DH,D,final
421.1759125936219,1533.2028003760463,3048.0999127869836,3.9952912670343212,3.5213005364703505,4.146279909442263,6338.461538461539,7.896350823661328,0.0000612704609648821,0.027494331065759638,0.027000000000000003,0.32142857142857145,0-0-257-1,@,josef-fruehwald_speaker,group_0,1,fave,4,the,0,0.060000000000002274,in,rainbow,DH,#,DH,R,final
417.60568219483883,1116.6631349402871,2428.2890171841755,2.8898354132423516,3.5901470937506756,3.4785850522629533,5815.384615384615,6.495125542927835,0.0004322368108596494,0.027494331065759638,0.027000000000000003,0.32142857142857145,0-0-289-0,@,josef-fruehwald_speaker,group_0,1,fave,4,observed,0,0.060000000000002274,rainbow,is,#,B,owF,B,initial
370.92794486070017,1644.9107542647569,2341.9793291107612,2.729208865027778,2.9798938107650605,3.9068944436884876,4943.589743589744,7.146966306635188,0.0006336566900556965,0.03149433106575964,0.031,0.32978723404255317,0-0-298-5,@,josef-fruehwald_speaker,group_0,1,fave,4,superposition,0,0.07000000000000739,"",of,P,Z,P,Z,internal
370.0471031597607,1892.6243313946868,2467.904815709232,3.062087711276414,3.122969029555057,3.8252452166445443,5641.025641025641,7.689250314082901,0.0006896394610366803,0.03549433106575964,0.035,0.3365384615384616,0-0-298-9,@,josef-fruehwald_speaker,group_0,1,fave,4,superposition,0,0.0799999999999983,"",of,SH,N,SH,N,internal
388.2671664271564,1335.2903398112087,1508.1907557599786,2.896822366776534,3.596102047492536,3.965865287753509,3374.3589743589746,7.5799082784982925,0.00004334293623212413,0.027494331065759645,0.027000000000000003,0.32142857142857145,0-0-306-1,@,josef-fruehwald_speaker,group_0,1,fave,4,the,0,0.060000000000002274,if,red,DH,#,DH,R,final
1336.2107607068451,3222.649304932617,5834.910789600106,3.83013510789189,3.6554469423119134,4.654569863136292,9651.28205128205,7.644641232894406,0.00031885154016109927,0.041494331065759636,0.041,0.3306451612903226,0-0-309-1,@,josef-fruehwald_speaker,group_0,1,fave,4,the,0,0.09999999999999432,of,"",DH,#,DH,"",final
343.0729075205449,1936.0709584734495,2197.7291903124137,2.4424324074966846,3.2589100036675185,3.595924196329135,5466.666666666667,7.816821820476931,0.00003562843108204092,0.031494331065759634,0.031,0.32978723404255317,0-0-311-3,@,josef-fruehwald_speaker,group_0,1,fave,4,second,0,0.06999999999999318,"",bow,K,N,K,N,internal
415.4411902925653,1226.254356267468,2343.818169647425,3.4414056445813004,3.4106472637856853,3.6912421911280178,6512.820512820513,7.048047144126612,0.000015093684797048385,0.027494331065759638,0.027000000000000003,0.32142857142857145,0-0-328-0,@,josef-fruehwald_speaker,group_0,1,fave,4,a,0,0.060000000000002274,give,bow,#,#,V,B,coextensive
444.16678409883855,1590.1558425790747,2362.941234718601,3.5352551327361126,3.4553549166612685,4.304523386546083,6338.461538461539,7.264334477342696,0.039590162472481524,0.06149433106575963,0.061000000000000006,0.3315217391304348,0-0-15-0,aeh,josef-fruehwald_speaker,group_0,1,fave,4,and,1,0.15999999999999925,prism,formza,#,N,M,N,initial
691.0701217281413,1618.8433774666978,2324.0172457104395,3.5169400052798165,2.738059813896682,4.114037682608376,4769.2307692307695,7.72784744637902,0.0006243057873184807,0.05149433106575963,0.051000000000000004,0.3311688311688312,0-0-48-1,aeh,josef-fruehwald_speaker,group_0,1,fave,4,path,1,0.129999999999999,its,high,P,TH,P,TH,internal
524.6558618307347,1939.6947787080094,2431.693969638467,3.4628808630146826,3.466048913995403,3.6578495591643048,5641.025641025641,8.168127238799668,0.0003983093256404875,0.04749433106575964,0.047,0.3263888888888889,0-0-90-1,aeh,josef-fruehwald_speaker,group_0,1,fave,4,man,1,0.120000000000001,a,looks,M,N,M,N,internal
680.016937713253,1567.8229417977534,2325.6578290571083,3.551847544289663,3.0909397985777343,4.248728670699349,5989.74358974359,7.6060680841810635,0.0010170849369123603,0.055494331065759635,0.055,0.33536585365853655,0-0-178-1,aeh,josef-fruehwald_speaker,group_0,1,fave,4,passed,1,0.14000000000000057,gods,from,P,S,P,S,internal
381.61737513952426,2023.3793547993164,2388.9219630282446,3.3856644928624458,3.530521132992475,3.988213251524796,5989.74358974359,7.786790723986999,0.0002539519805185074,0.07149433106575961,0.07100000000000001,0.3317757009345794,0-0-275-1,aeh,josef-fruehwald_speaker,group_0,1,fave,4,band,1,0.18999999999999773,colored,increases,B,N,B,N,internal
469.38830983263506,1947.776389239197,2414.3081983094517,3.3896434220648675,3.55103785603008,4.240637209817763,5292.307692307692,7.7645677735358944,0.0013357855685564792,0.07149433106575961,0.07100000000000001,0.3317757009345794,0-0-335-1,aeh,josef-fruehwald_speaker,group_0,1,fave,4,band,1,0.18999999999999773,yellow,"",B,N,B,N,internal
554.9726567709715,1961.7265587137658,2352.1056472516834,3.6757280881293894,3.012162349669979,3.328318702419806,4769.2307692307695,7.914672794215425,0.0009529627520128849,0.07549433106575963,0.07500000000000001,0.3348214285714286,0-0-341-0,aeh,josef-fruehwald_speaker,group_0,1,fave,4,and,1,0.20000000000000284,"",green,#,N,"",N,initial
477.5305054666561,1753.3562559749846,2449.365112489728,2.903426065720781,2.546191359814171,3.768578896699217,4594.871794871795,7.609439791943147,0.0054205180362938594,0.057494331065759643,0.057,0.3275862068965517,0-0-365-0,aeh,josef-fruehwald_speaker,group_0,1,fave,4,and,1,0.14999999999999147,red,yellow,#,N,D,N,initial
501.5152265437808,1231.847143619301,2354.9770563909947,3.3636843355104826,3.7237332136509953,4.003730773511694,5466.666666666667,6.895398334407219,0.02039302029436912,0.03749433106575964,0.037,0.1581196581196581,0-0-17-4,owF,josef-fruehwald_speaker,group_0,1,fave,4,rainbow,2,0.20999999999999996,formza,"",B,#,B,"",final
489.3035128659116,1380.5649069460562,2355.089024329163,3.2580774909708365,3.081529766112024,2.9422904394407805,5117.948717948718,7.4382025863063514,0.00008180878307364194,0.02749433106575966,0.027000000000000003,0.18750000000000003,0-0-20-4,owF,josef-fruehwald_speaker,group_0,1,fave,4,rainbow,2,0.120000000000001,the,is,B,#,B,i,final
446.15896266419753,1675.309318375378,2397.8715666416056,3.8098732323802604,3.3980634537929184,3.454276659602046,5117.948717948718,7.518844216495116,0.00016955038499491524,0.029494331065759636,0.029,0.30851063829787234,0-0-82-1,owF,josef-fruehwald_speaker,group_0,1,fave,4,no,1,0.07000000000000028,but,one,N,#,N,W,final
519.9112512289837,1261.3648106585294,2292.8420887283005,3.3158007498644313,3.588414328257148,3.6086853364128246,5292.307692307692,6.549033393043999,0.011606239538082819,0.033494331065759615,0.033,0.13524590163934427,0-0-115-4,owF,josef-fruehwald_speaker,group_0,1,fave,4,rainbow,2,0.21999999999999886,the,"",B,#,B,"",final
451.4547188987334,1137.6378804324909,2297.5462690564386,2.9013734285586543,3.459468828483784,3.2393247094509072,4594.871794871795,6.890565543302156,0.00022484506210395698,0.025494331065759636,0.025,0.1865671641791045,0-0-125-4,owF,josef-fruehwald_speaker,group_0,1,fave,4,rainbow,2,0.10999999999999943,the,in,B,#,B,i,final
521.0335560099023,1344.8008887942713,2356.080223035001,2.8368214802759026,2.996350643349506,3.7629788277395266,5117.948717948718,7.677258330371354,0.00023546588281490635,0.04549433106575963,0.045000000000000005,0.21028037383177572,0-0-169-4,owF,josef-fruehwald_speaker,group_0,1,fave,4,rainbow,2,0.19000000000000483,the,as,B,#,B,ae,final
501.90620992055153,1160.141226634924,2274.2824489530512,2.856031832105774,3.010324607209258,4.124457720195143,4943.589743589744,7.596416107568541,0.00007220555354639349,0.02949433106575963,0.029,0.18831168831168832,0-0-206-4,owF,josef-fruehwald_speaker,group_0,1,fave,4,rainbow,2,0.13000000000000256,the,was,B,#,B,W,final
454.51152689678844,1256.890598120878,2176.8635496971538,2.7302438246797798,2.815505782173193,3.3017883175782137,4769.2307692307695,6.868209521820636,0.0010270540037228422,0.029494331065759615,0.029,0.14948453608247422,0-0-242-4,owF,josef-fruehwald_speaker,group_0,1,fave,4,rainbow,2,0.1700000000000017,the,"",B,#,B,"",final
467.88523164130174,1173.6893514514531,2352.480758837095,2.8861408852395156,2.8208269009641738,3.1421745041264253,4769.2307692307695,6.9219142525232655,0.00047818007273997244,0.039494331065759634,0.039,0.31451612903225806,0-0-249-4,owF,josef-fruehwald_speaker,group_0,1,fave,4,rainbow,2,0.09999999999999432,the,have,B,#,B,HH,final
498.03549037532525,1207.2763444713412,2254.7401985986135,2.71115844598349,2.200918062625517,3.1126478422089816,5117.948717948718,7.570590254792618,0.00021881881809462537,0.025494331065759657,0.025,0.17361111111111113,0-0-258-4,owF,josef-fruehwald_speaker,group_0,1,fave,4,rainbow,2,0.12000000000000455,the,depends,B,#,B,D,final
441.40339604553964,1136.5946718114394,2226.211385110696,2.7636902497074263,3.2459780589546225,3.328888522837544,5117.948717948718,6.740395852275342,0.00006829860453391803,0.025494331065759636,0.025,0.21929824561403513,0-0-288-4,owF,josef-fruehwald_speaker,group_0,1,fave,4,rainbow,2,0.0899999999999892,primary,observed,B,#,B,@,final
518.5344213045933,1184.4263471652223,2369.8187979779973,2.881655147398266,3.604286980932448,3.8457374700216596,5641.025641025641,6.665992932086262,0.013655238226046473,0.02549433106575963,0.025,0.06510416666666664,0-0-312-1,owF,josef-fruehwald_speaker,group_0,1,fave,4,bow,1,0.35999999999999943,second,"",B,#,B,"",final
533.1332292099917,1160.029238583088,2428.935910141185,2.7492530362290895,3.3195876722615423,4.1296078116568795,5292.307692307692,6.885198139193293,0.028262764797450178,0.06749433106575961,0.067,0.17005076142131978,0-0-329-1,owF,josef-fruehwald_speaker,group_0,1,fave,4,bow,1,0.36999999999999034,a,"",B,#,B,"",final
573.5038848241422,1168.7246799806653,2487.8654670646815,3.3081371830597526,3.6802639403204584,4.122245971158894,4943.589743589744,6.798423272677847,0.043570225202319374,0.02549433106575963,0.025,0.13586956521739132,0-0-347-3,owF,josef-fruehwald_speaker,group_0,1,fave,4,yellow,0,0.1600000000000108,form,"",L,#,L,"",final
534.7987158148435,1134.3428756239314,1934.4762463923453,3.330129214465673,3.660424046576416,4.763847243302734,5466.666666666667,6.672903061709446,0.04406391944873997,0.03549433106575966,0.035,0.11904761904761904,0-0-357-1,owF,josef-fruehwald_speaker,group_0,1,fave,4,bow,1,0.269999999999996,"","",B,#,B,"",final
555.3926639150895,1114.9455847029365,2527.000747290773,2.934695127255196,2.9752563457687913,4.317857915462503,4594.871794871795,6.67544232427744,0.04605786171843547,0.025494331065759643,0.025,0.09469696969696972,0-0-366-3,owF,josef-fruehwald_speaker,group_0,1,fave,4,yellow,0,0.23999999999999488,and,"",L,#,L,"",final
498.2184406777103,1466.4646011220516,2199.1451092217167,3.1176294036983463,3.2759748274541804,3.6675968672471373,5292.307692307692,7.106127668721461,0.0004551616331585549,0.033494331065759615,0.033,0.17010309278350516,0-0-372-1,owF,josef-fruehwald_speaker,group_0,1,fave,4,no,1,0.1700000000000017,or,green,N,#,N,G,final
465.5794687010593,1625.1892420486593,2365.796450582159,3.383472022939091,3.1057587358897845,3.9141950640289065,6512.820512820513,7.493275000319614,8.695027091468226e-6,0.027494331065759638,0.027000000000000003,0.32142857142857145,0-0-29-1,e,josef-fruehwald_speaker,group_0,1,fave,4,many,1,0.0600000000000005,into,beautiful,M,N,M,N,internal
519.8570163552939,1657.882662768555,2363.202279720523,3.0994339695681044,2.7159372278538614,3.7900830247782635,4943.589743589744,7.772972744573909,0.0013480938342926236,0.07549433106575963,0.07500000000000001,0.3348214285714286,0-0-55-0,e,josef-fruehwald_speaker,group_0,1,fave,4,ends,1,0.1999999999999993,two,"",#,N,Tuw,N,initial
527.9753567840896,1315.905478228274,2448.307264892099,3.2313122914096524,3.049132870612782,4.347071159146125,5292.307692307692,7.8706951495643365,0.0001433046063056457,0.031494331065759634,0.031,0.32978723404255317,0-0-67-1,e,josef-fruehwald_speaker,group_0,1,fave,4,legend,1,0.07000000000000028,to,"",L,JH,L,JH,internal
576.1574619975128,1629.8742294102792,1798.236094884388,2.8779025003165097,4.484761222932405,3.1031596948017675,3723.076923076923,7.778731239499242,0.001731332460757631,0.07549433106575963,0.07500000000000001,0.3348214285714286,0-0-76-0,e,josef-fruehwald_speaker,group_0,1,fave,4,end,1,0.1999999999999993,one,"",#,N,N,N,initial
534.0067069428688,1481.3825576061906,1844.053241870513,3.2467147511861194,2.8404139502210937,3.6221234783934757,5292.307692307692,7.628981388460849,6.299787009491527e-6,0.027494331065759638,0.027000000000000003,0.32142857142857145,0-0-99-2,e,josef-fruehwald_speaker,group_0,1,fave,4,friends,1,0.05999999999999872,his,say,R,N,R,N,internal
454.4596589959376,1629.0189872925366,2391.1531645387827,3.75710240809816,2.7577932562097867,4.171150462816055,5989.74358974359,8.044590296864433,0.00017050186907870932,0.03149433106575963,0.031,0.32978723404255317,0-0-119-1,e,josef-fruehwald_speaker,group_0,1,fave,4,centuries,1,0.07000000000000028,the,men,S,N,S,N,internal
580.1168967555461,1715.3319010381158,2538.9060041030616,2.611615004920436,2.9646713079301295,4.230172402185447,5117.948717948718,7.847213849441717,0.001722039099046424,0.03749433106575964,0.037000000000000005,0.324561403508772,0-0-135-0,e,josef-fruehwald_speaker,group_0,1,fave,4,as,1,0.09000000000000341,"",a,#,Z,"",Z,initial
646.0847208341407,1409.0918651539353,2141.389867486827,2.9815347204198313,2.8001098840461225,4.39095918020013,4246.153846153846,7.767205100540566,0.00020861427108164235,0.027494331065759638,0.027000000000000003,0.32142857142857145,0-0-141-0,e,josef-fruehwald_speaker,group_0,1,fave,4,explanation,2,0.060000000000002274,physical,"",#,K,L,K,initial
528.5326291351988,1649.0636181509894,2355.8512066277335,3.138006645004278,3.188842915865576,4.080721687630614,6164.102564102564,7.507369532225897,0.0004145313171051842,0.02749433106575963,0.027000000000000003,0.32142857142857145,0-0-162-1,e,josef-fruehwald_speaker,group_0,1,fave,4,heavy,1,0.05999999999999517,or,rain,HH,V,HH,V,internal
604.6750974461168,1210.6982391861884,2294.458722028576,3.260144026888023,2.857703542095478,4.08020530936169,5117.948717948718,8.112923519756913,0.000025847340933657582,0.02549433106575964,0.025,0.33783783783783783,0-0-210-4,e,josef-fruehwald_speaker,group_0,1,fave,4,reflection,1,0.05000000000001137,by,"",L,K,L,K,internal
504.8245629422081,1570.5315312104647,2566.687384587204,3.769555881468049,2.9695459196772847,3.732852049891173,5815.384615384615,8.134847863384795,0.000026613362881926704,0.03549433106575963,0.035,0.33653846153846156,0-0-221-1,e,josef-fruehwald_speaker,group_0,1,fave,4,then,1,0.0799999999999983,since,physicists,DH,N,DH,N,internal
583.570737118993,1645.2294132913848,2300.7588401106473,3.5903718798201743,2.8922092439437277,3.4770569310830313,4769.2307692307695,7.7718798208601765,0.0005776270837589256,0.041494331065759636,0.041,0.3306451612903226,0-0-259-3,e,josef-fruehwald_speaker,group_0,1,fave,4,depends,1,0.09999999999999432,rainbow,considerably,P,N,P,N,internal
448.2602883255548,1621.3417628757613,2638.401230057743,2.9535346776305578,2.9364825361751126,4.567290074635555,5641.025641025641,8.266101872798684,0.004989711839489288,0.05549433106575962,0.055,0.3353658536585366,0-0-277-0,e,josef-fruehwald_speaker,group_0,1,fave,4,as,1,0.14000000000000057,increases,the,#,Z,Z,Z,initial
479.4364898340905,1568.4380401739,2446.820556049403,3.318024413161663,2.9217799805124915,4.003268431271508,6164.102564102564,7.591812448157017,0.00001798475315655974,0.03149433106575963,0.031,0.32978723404255317,0-0-291-1,e,josef-fruehwald_speaker,group_0,1,fave,4,said,1,0.06999999999999318,is,to,S,D,S,D,internal
551.8095996571357,1470.419888691297,2196.3872199509374,3.216164764224885,2.8401187857838512,3.8598807288203383,5466.666666666667,7.798487420067345,0.000029740141851119863,0.031494331065759634,0.031,0.32978723404255317,0-0-294-2,e,josef-fruehwald_speaker,group_0,1,fave,4,effect,1,0.06999999999999318,the,"",F,K,F,K,internal
539.7102701814244,1510.1441013417273,1946.055663198422,3.3141648357971114,2.973622874282248,3.4079395719525105,5641.025641025641,7.67669400951554,0.00003257076782471143,0.031494331065759634,0.031,0.32978723404255317,0-0-307-1,e,josef-fruehwald_speaker,group_0,1,fave,4,red,1,0.07000000000000739,the,of,R,D,R,D,internal
346.9778465904738,2313.9212938750698,2815.7609234348274,3.1810785346651502,3.3853855910200688,4.107830520943816,6861.538461538462,7.876103396547775,0.002303792756465627,0.09549433106575968,0.095,0.334507042253521,0-0-339-1,e,josef-fruehwald_speaker,group_0,1,fave,4,red,1,0.2599999999999909,"","",R,D,R,D,internal
588.2255309508497,1590.6185527006137,2120.9089666427285,3.0808343900017645,2.9618396756813588,4.300254027381667,5989.74358974359,7.5776289891610284,0.00037647661370247474,0.057494331065759643,0.057,0.3275862068965517,0-0-364-1,e,josef-fruehwald_speaker,group_0,1,fave,4,red,1,0.14999999999999147,mainly,and,R,D,R,D,internal
543.2401409114676,1350.5461995091578,2375.509767806657,3.577125304193177,3.4467277738692834,4.68847619874281,4594.871794871795,7.158776556266224,0.000518200497968419,0.04549433106575963,0.045,0.33582089552238803,0-0-31-1,uhL,josef-fruehwald_speaker,group_0,1,fave,4,colors,1,0.11000000000000121,beautiful,"",K,L,K,L,internal
595.3692718403723,1342.3511030202233,2502.664001198567,3.309159123301137,3.188870953189673,4.688096208019309,4420.51282051282,7.888643864298658,0.00018114575438765178,0.03149433106575963,0.031,0.32978723404255317,0-0-274-1,uhL,josef-fruehwald_speaker,group_0,1,fave,4,colored,1,0.06999999999999318,the,band,K,L,K,L,internal
364.47755438587103,1187.2391925915379,2570.8636886538966,2.914134035681663,3.0004824618926227,4.430362141087268,5117.948717948718,8.056212675808194,0.000032965847613270465,0.027494331065759638,0.027000000000000003,0.32142857142857145,0-0-324-3,uhL,josef-fruehwald_speaker,group_0,1,fave,4,results,1,0.05999999999998806,the,is,Z,L,Z,L,internal
421.2771744605971,1516.233851316906,2483.3024733910975,3.4812117603187174,3.30638368822387,4.789280945957261,6164.102564102564,7.176685978822829,0.017345470812124297,0.05149433106575963,0.051000000000000004,0.3311688311688312,0-0-31-3,*hr,josef-fruehwald_speaker,group_0,1,fave,4,colors,0,0.13000000000000078,beautiful,"",L,Z,L,Z,internal
412.3797928273584,1064.6330352868993,1418.4399768808403,3.0980576687064203,3.4680489423350713,3.2085296813153836,4071.794871794872,6.879806413202685,0.008907690398599365,0.05549433106575962,0.055,0.3353658536585366,0-0-60-1,*hr,josef-fruehwald_speaker,group_0,1,fave,4,horizon,0,0.14000000000000057,the,"",HH,ay,HH,ay,internal
404.4004171155257,1175.8294707439059,1525.5634714470891,2.8735896120162874,2.654962937007278,2.573544121102776,4420.51282051282,7.288070470142721,0.00007315270961842912,0.03749433106575964,0.037000000000000005,0.324561403508772,0-0-84-2,*hr,josef-fruehwald_speaker,group_0,1,fave,4,ever,0,0.08999999999999986,one,finds,V,#,V,F,final
398.6427776237583,1485.4866438099273,1767.6183990015022,2.9520876423636353,3.0038252515846975,3.9112162261821712,3723.076923076923,7.438990513219037,0.000020308392752959796,0.02549433106575964,0.025,0.33783783783783783,0-0-92-1,*hr,josef-fruehwald_speaker,group_0,1,fave,4,for,0,0.05000000000000071,looks,something,F,#,F,S,final
383.4499379050841,1531.444092555488,1850.0249720824397,1.86208796189512,2.6797523648474946,3.199245332570187,4420.51282051282,7.485154811639152,1.6363849297856243e-6,0.027494331065759638,0.027000000000000003,0.32142857142857145,0-0-167-6,*hr,josef-fruehwald_speaker,group_0,1,fave,4,considered,0,0.060000000000002274,norsemen,the,D,D,D,D,internal
418.00524649428843,1125.1440117780228,1718.0508429849253,2.1038257998513776,3.3079164361617117,2.6708950919621532,4246.153846153846,7.101488606784496,8.3523077725988e-6,0.027494331065759638,0.027000000000000003,0.32142857142857145,0-0-174-2,*hr,josef-fruehwald_speaker,group_0,1,fave,4,over,0,0.060000000000002274,"",which,V,#,V,W,final
428.3218404582865,1243.386757734124,1476.0053534110398,3.311191356416926,3.209520226325455,2.960693778027473,4071.794871794872,7.184070943908685,0.00006609234302293742,0.02749433106575963,0.027000000000000003,0.32142857142857145,0-0-179-1,*hr,josef-fruehwald_speaker,group_0,1,fave,4,from,0,0.060000000000002274,passed,"",F,M,F,M,internal
477.24747167576413,1146.5639283366572,1401.4299273611032,3.070593355815939,2.715255028259016,3.098229762163861,4246.153846153846,7.238081397273114,0.0015711916449727204,0.08549433106575965,0.08499999999999999,0.33464566929133854,0-0-181-0,*hr,josef-fruehwald_speaker,group_0,1,fave,4,earth,1,0.22999999999999687,"","",#,TH,"",TH,initial
433.27264881891267,1518.9221952886408,1968.387545936049,1.9952649936080387,2.1078492606219834,3.546381057249884,4420.51282051282,7.464007123096291,2.1615482070950685e-6,0.027494331065759638,0.027000000000000003,0.32142857142857145,0-0-260-6,*hr,josef-fruehwald_speaker,group_0,1,fave,4,considerably,0,0.060000000000002274,depends,upon,D,@,D,@,internal
406.35854711363226,1482.5170868982566,1856.504719517538,2.7951803658265333,2.9679129905642445,3.441643894096146,4594.871794871795,7.337792186534827,0.0011615448448776267,0.055494331065759635,0.055,0.33536585365853655,0-0-289-3,*hr,josef-fruehwald_speaker,group_0,1,fave,4,observed,1,0.14000000000000057,rainbow,is,Z,V,Z,V,internal
366.96988488621986,1386.1183331877162,1592.4218267562683,3.075438441598409,2.8251407345802555,2.864721655246869,4420.51282051282,7.412935892032176,0.0010714190998705497,0.06149433106575963,0.061000000000000006,0.3315217391304348,0-0-298-3,*hr,josef-fruehwald_speaker,group_0,1,fave,4,superposition,0,0.1599999999999966,"",of,P,P,P,P,internal
389.84135972502816,1105.6611393752967,1453.6285459141197,2.656292585786425,2.8229937778473153,2.8033616224490796,4420.51282051282,7.135638487993352,0.0009569769316673825,0.047494331065759655,0.047,0.3263888888888889,0-0-301-4,*hr,josef-fruehwald_speaker,group_0,1,fave,4,number,0,0.12000000000000455,a,of,B,#,B,@,final
476.8031886281902,1220.254597139189,1478.4991389663744,3.077798875309233,2.933253357470085,2.858409350600176,4769.2307692307695,7.286444643785416,0.00494491206433942,0.06549433106575961,0.065,0.33505154639175255,0-0-321-1,*hr,josef-fruehwald_speaker,group_0,1,fave,4,first,1,0.1699999999999875,the,"",F,S,F,S,internal
283.5052556733737,2052.247656822321,2477.9661174313824,2.712583802780014,3.3389876715787374,3.766033268293143,5989.74358974359,7.767173372246159,0.00020764282901336923,0.03549433106575963,0.035,0.33653846153846156,0-0-33-1,iy,josef-fruehwald_speaker,group_0,1,fave,4,these,1,0.08000000000000007,"",take,DH,Z,DH,Z,internal
309.0554385988305,2302.4803559263564,2740.914288282004,2.7004081680524528,3.4072983278738396,3.927462523907881,7035.897435897436,7.8161474352393245,0.00012806170451334123,0.037494331065759626,0.037,0.32456140350877194,0-0-58-1,iy,josef-fruehwald_speaker,group_0,1,fave,4,beyond,2,0.08999999999999986,apparently,the,B,oh,B,oh,internal
309.8398505088161,2240.4643068213613,3746.998983329095,3.587566785860881,3.396942470436496,3.8557746821470613,7733.333333333334,7.7680274204997515,0.00040206767630587863,0.04749433106575963,0.047,0.3263888888888889,0-0-94-1,iy,josef-fruehwald_speaker,group_0,1,fave,4,beyond,2,0.11999999999999744,something,his,B,oh,B,oh,internal
308.2875334743529,1859.9061888835374,1998.514909244707,3.1048792346139167,3.272669800638135,3.7358555667329325,4943.589743589744,7.59105372103922,0.0005272347433635011,0.03749433106575964,0.037000000000000005,0.324561403508772,0-0-96-1,iy,josef-fruehwald_speaker,group_0,1,fave,4,reach,1,0.08999999999999986,his,"",R,CH,R,CH,internal
306.6807317209802,1812.9165474985189,2031.8754389376609,1.7969276350737253,3.1418310234112212,3.430809931253212,5641.025641025641,7.6490858361647955,0.00003034575640624039,0.03749433106575964,0.037000000000000005,0.324561403508772,0-0-119-5,iy,josef-fruehwald_speaker,group_0,1,fave,4,centuries,0,0.09000000000000341,the,men,*hr,Z,*hr,Z,internal
399.6597782841203,1956.7823097697255,3241.199398258383,3.8565643986852227,2.760190404611109,3.257266258857147,8430.76923076923,7.557068662573765,8.689733145986787e-6,0.03149433106575964,0.031,0.32978723404255317,0-0-127-3,iy,josef-fruehwald_speaker,group_0,1,fave,4,various,0,0.07000000000000028,in,ways,R,@,R,@,internal
363.3205671264845,1995.4488981948682,2991.029185270972,3.9143936516788784,2.4758648660943385,4.075113557884167,6861.538461538462,8.13429416470026,0.00006245154366205436,0.03149433106575963,0.031,0.32978723404255317,0-0-145-2,iy,josef-fruehwald_speaker,group_0,1,fave,4,greeks,1,0.07000000000000028,"",used,R,K,R,K,internal
350.1327331977953,2119.4464227574003,2978.8416110953217,3.106177359444381,2.847618634026961,4.814414774977285,6861.538461538462,7.807669967029495,0.00009073216856650683,0.02749433106575963,0.027000000000000003,0.32142857142857145,0-0-246-2,iy,josef-fruehwald_speaker,group_0,1,fave,4,ideas,1,0.060000000000002274,complicated,about,D,@,D,@,internal
313.82723285063264,1960.15479162625,2328.6785601083807,2.965296599045595,2.9050974995840875,3.99861591629503,6861.538461538462,7.644307053778921,7.365622901790367e-6,0.03149433106575963,0.031,0.32978723404255317,0-0-283-4,iy,josef-fruehwald_speaker,group_0,1,fave,4,increase,1,0.06999999999999318,drops,"",R,S,R,S,internal
364.4685463049445,2081.4312372007093,2379.229569888802,3.307268045069021,2.951784238213346,4.359934730602151,6512.820512820513,7.754187470119193,0.0014310220114386936,0.04749433106575964,0.047,0.3263888888888889,0-0-318-2,iy,josef-fruehwald_speaker,group_0,1,fave,4,green,1,0.11999999999999034,the,of,R,N,R,N,internal
531.0700542964091,1497.948858725704,2006.273740411731,3.448246511879327,2.7645386206737923,3.6950887162957358,5815.384615384615,7.6573226098804215,4.294982393693016e-6,0.027494331065759638,0.027000000000000003,0.32142857142857145,0-0-342-2,iy,josef-fruehwald_speaker,group_0,1,fave,4,green,1,0.060000000000002274,and,lights,R,N,R,N,internal
277.696462222746,2006.5542548381904,2097.265667389723,3.06739614756811,3.3503117544964973,4.399149807433745,6861.538461538462,7.201460364834163,0.00029706049121843684,0.03549433106575963,0.035,0.33653846153846156,0-0-373-2,iy,josef-fruehwald_speaker,group_0,1,fave,4,green,1,0.0800000000000125,no,or,R,N,R,N,internal
519.9570809944998,1250.3781306000199,1941.891424958399,3.057829061998629,2.9998659852079665,4.952178639399254,3897.4358974358975,7.463071082731034,0.0007010650210773778,0.03549433106575964,0.035,0.3365384615384616,0-0-38-0,uh,josef-fruehwald_speaker,group_0,1,fave,4,of,1,0.08000000000000007,"",a,#,V,"",V,initial
587.2505153306586,1161.201725776931,2906.170954605144,2.777796368902101,3.2381349220271605,4.464221108329365,5466.666666666667,7.01729032029122,0.0010219694515036736,0.06149433106575963,0.061000000000000006,0.3315217391304348,0-0-50-2,uh,josef-fruehwald_speaker,group_0,1,fave,4,above,1,0.16000000000000014,high,"",B,V,B,V,internal
596.834647119626,1143.8726970871523,2832.221776806417,3.596369633469647,3.5300813857936078,4.059755064254113,5466.666666666667,6.876960603115025,0.0008032328775888897,0.041494331065759636,0.041,0.3306451612903226,0-0-75-1,uh,josef-fruehwald_speaker,group_0,1,fave,4,one,1,0.10000000000000142,at,end,W,N,W,N,internal
455.1424933372461,1427.0961695689764,2915.5506660349533,3.4724440955646894,3.283085111204568,4.659643507564243,6338.461538461539,7.557367093247619,0.000015349933077345876,0.027494331065759638,0.027000000000000003,0.32142857142857145,0-0-130-1,uh,josef-fruehwald_speaker,group_0,1,fave,4,some,1,0.060000000000002274,"",have,S,M,S,M,internal
598.7756516089408,1257.8593547856046,3192.795256599214,3.366817830983698,3.3921103750985195,3.55695361857955,5989.74358974359,7.779754671408774,0.002578758884021373,0.03749433106575964,0.037000000000000005,0.324561403508772,0-0-212-0,uh,josef-fruehwald_speaker,group_0,1,fave,4,of,1,0.09000000000000341,"",the,#,V,"",V,initial
575.9999508032331,1319.421202823997,2912.3598331195635,3.75362900970488,3.3650051960557916,4.29525899466158,5989.74358974359,8.033914333274524,0.00024376957037485554,0.04549433106575963,0.045,0.33582089552238803,0-0-214-1,uh,josef-fruehwald_speaker,group_0,1,fave,4,sun's,1,0.10999999999999943,the,rays,S,N,S,N,internal
536.5382890777805,1442.2731803646454,2420.7157390247453,2.534744229104325,2.663901157607885,3.9784121901316363,5466.666666666667,7.984949129137249,0.0001446412183087404,0.031494331065759634,0.031,0.32978723404255317,0-0-272-0,uh,josef-fruehwald_speaker,group_0,1,fave,4,of,1,0.07000000000000739,width,the,#,V,TH,V,initial
557.5039212476273,1336.6762663920765,2338.2008746883075,3.3466626541754407,3.022387825758692,4.389629710775313,4769.2307692307695,7.235927813389942,0.0011859277506842201,0.04549433106575962,0.045,0.3358208955223881,0-0-296-0,uh,josef-fruehwald_speaker,group_0,1,fave,4,of,1,0.11000000000001364,"","",#,V,"",V,initial
571.1652687489286,1473.1095744954564,2352.459008480558,3.229442372315323,2.9183709887687024,3.88694051755101,4943.589743589744,7.359762575094621,0.011633407341675088,0.057494331065759643,0.057,0.3275862068965517,0-0-299-0,uh,josef-fruehwald_speaker,group_0,1,fave,4,of,1,0.15000000000000568,superposition,a,#,V,N,V,initial
583.2058650455191,1494.138671089221,2410.0330580553127,3.961899309768489,2.70697855946923,4.484562329059369,4769.2307692307695,8.044023003414589,0.0024663363938668605,0.03149433106575963,0.031,0.32978723404255317,0-0-301-1,uh,josef-fruehwald_speaker,group_0,1,fave,4,number,1,0.06999999999999318,a,of,N,M,N,M,internal
549.0214029048569,1435.2406201834026,2425.6881706934773,3.1009716522338393,3.1128417523843224,4.255784920231787,4943.589743589744,7.293216963925408,0.0013455601426734418,0.055494331065759635,0.055,0.33536585365853655,0-0-319-0,uh,josef-fruehwald_speaker,group_0,1,fave,4,of,1,0.14000000000000057,green,the,#,V,N,V,initial
585.7463227599529,992.7430656152007,1905.2418337096492,3.3292450119116803,3.264828718409193,4.702471344013564,4769.2307692307695,7.973441536572895,0.0007605787346408913,0.041494331065759636,0.041,0.3306451612903226,0-0-359-2,uh,josef-fruehwald_speaker,group_0,1,fave,4,one,1,0.10000000000000853,"","",W,N,W,N,internal
511.4799255764422,759.8702122505158,3042.650998102637,3.320528137450027,3.7316793543610984,4.167949642507919,5466.666666666667,7.083982600462672,0.001215341767108509,0.08149433106575962,0.08099999999999999,0.3319672131147541,0-0-40-1,oh,josef-fruehwald_speaker,group_0,1,fave,4,long,1,0.22000000000000064,a,"",L,NG,L,NG,internal
555.4807646581712,1462.352317204375,2442.092043902295,3.8225888056070954,3.197382268026985,4.598476151184252,5641.025641025641,7.330986699465533,0.0026008454658070813,0.03549433106575964,0.035,0.3365384615384616,0-0-58-2,oh,josef-fruehwald_speaker,group_0,1,fave,4,beyond,1,0.08000000000000185,apparently,the,iy,N,iy,N,internal
623.0625017775438,1445.9237201919293,2212.841864320696,3.7329238307447676,2.877631086611677,4.383623040978293,4594.871794871795,8.070719795675316,0.0003273596083682405,0.04549433106575963,0.045,0.33582089552238803,0-0-94-2,oh,josef-fruehwald_speaker,group_0,1,fave,4,beyond,1,0.11000000000000298,something,his,iy,N,iy,N,internal
523.3956178342612,1043.746697259708,3046.219050144874,3.5520475383247048,4.008280576021298,3.424432139366574,5466.666666666667,8.055199285496753,0.0006480755739302986,0.05149433106575963,0.051000000000000004,0.3311688311688312,0-0-202-1,oh,josef-fruehwald_speaker,group_0,1,fave,4,thought,1,0.12999999999999545,aristotle,that,TH,T,TH,T,internal
539.2365296958127,997.2633007175654,2371.0224954909636,2.8542043899244276,2.8946878911263103,4.09459096442683,4769.2307692307695,7.054536365703125,0.0007495869050858282,0.06749433106575964,0.067,0.32843137254901966,0-0-208-1,oh,josef-fruehwald_speaker,group_0,1,fave,4,caused,1,0.17999999999999972,was,by,K,Z,K,Z,internal
568.206737485914,1040.0554595207814,2321.856859371958,3.2223568190859146,3.0890844925593637,4.066665962591699,4594.871794871795,7.995147851797995,0.0007940384808123561,0.055494331065759635,0.055,0.33536585365853655,0-0-240-1,oh,josef-fruehwald_speaker,group_0,1,fave,4,causes,1,0.14000000000000057,which,the,K,Z,K,Z,internal
347.0861382729568,1774.5953195432521,2124.94582566988,3.597989297863693,3.6432148669722686,4.200902097553149,5292.307692307692,7.535209232062221,0.0024574640652692808,0.08549433106575961,0.08499999999999999,0.43814432989690716,0-0-42-1,aw,josef-fruehwald_speaker,group_0,1,fave,4,round,1,0.16999999999999993,"","",R,N,R,N,internal
630.1683033336658,1245.9009943347132,2080.213883139409,3.2317794803551023,2.895512388404774,3.603922112113155,5292.307692307692,7.951574651568236,0.00012732700512567538,0.025494331065759636,0.025,0.26595744680851063,0-0-117-3,aw,josef-fruehwald_speaker,group_0,1,fave,4,throughout,1,0.07000000000000028,"",the,Tuw,T,Tuw,T,internal
586.1292707798522,1608.1173323147666,2609.216733303432,3.478752717525709,2.9722109876698144,4.771722047363614,7035.897435897436,7.375284461256134,0.0018364587408892649,0.04349433106575964,0.043000000000000003,0.3467741935483871,0-0-139-3,aw,josef-fruehwald_speaker,group_0,1,fave,4,without,1,0.10000000000000142,"",physical,TH,T,TH,T,internal
585.4386399571779,1714.6876544166075,2267.3084714579995,3.5439480540566235,3.1033352338083713,4.4065064584707505,5466.666666666667,8.021399934774816,0.0069351299122072906,0.07949433106575962,0.07899999999999999,0.4293478260869565,0-0-224-1,aw,josef-fruehwald_speaker,group_0,1,fave,4,found,1,0.1599999999999966,have,that,F,N,F,N,internal
590.1684281498303,1417.5448518112044,2294.1107160486017,3.1223985203088325,2.9615915410862628,4.003535305331058,5466.666666666667,7.799696611122062,0.000022234928780792243,0.04149433106575964,0.041,0.3596491228070176,0-0-247-2,aw,josef-fruehwald_speaker,group_0,1,fave,4,about,1,0.09000000000000341,ideas,the,B,T,B,T,internal
637.796330666292,2884.4001986451253,3286.9680656936835,3.276778277135677,4.514659861088914,3.5910596430271555,7210.25641025641,6.858093466239037,0.0012186264724671745,0.03149433106575964,0.031,0.32978723404255317,0-0-44-0,ahr,josef-fruehwald_speaker,group_0,1,fave,4,arch,1,0.07000000000000028,"","",#,R,"",R,initial
743.0459203563515,1389.2767709674742,2304.563802988739,3.6331726808465543,2.8941937673600826,4.36212833084561,4769.2307692307695,7.761943327942245,0.00030937074817691474,0.07949433106575965,0.07900000000000001,0.5486111111111113,0-0-49-1,ay,josef-fruehwald_speaker,group_0,1,fave,4,high,1,0.11999999999999922,path,above,HH,#,HH,@,final
689.6293238260974,1408.2014356229388,2635.040678959978,3.7171946369114823,3.507392695861867,4.512699334911731,6687.179487179487,7.339010894966042,0.008984774898913528,0.025494331065759643,0.025,0.13586956521739132,0-0-60-2,ay,josef-fruehwald_speaker,group_0,1,fave,4,horizon,1,0.16000000000000014,the,"",*hr,Z,*hr,Z,internal
631.5378542105326,1235.4133357539217,1754.0886605113215,3.839352578936676,3.465699495897345,4.047324403927546,3548.7179487179487,8.017102648570317,0.015286574681763043,0.05749433106575966,0.057,0.32758620689655177,0-0-85-1,ay,josef-fruehwald_speaker,group_0,1,fave,4,finds,1,0.15000000000000213,ever,it,F,N,F,N,internal
696.7897508642739,1315.6442506682718,1791.8614500061753,3.501350660140103,2.9044039764179854,4.36491595322131,4420.51282051282,7.824402697537759,0.0002999211515033527,0.09749433106575964,0.097,0.6298701298701299,0-0-153-1,ay,josef-fruehwald_speaker,group_0,1,fave,4,sign,1,0.12999999999999545,a,from,S,N,S,N,internal
709.3375216639109,1308.393476888525,2443.801905273767,3.3540152232905958,3.0667673883386537,4.098486726596589,4594.871794871795,7.820789598346471,0.007914214807086128,0.13349433106575964,0.133,0.37570621468926546,0-0-188-2,ay,josef-fruehwald_speaker,group_0,1,fave,4,sky,1,0.3300000000000054,the,"",K,#,K,"",final
606.8484201644408,1431.702095959073,2101.4241411741264,3.037010000564586,2.6726663540016564,3.5834041892329407,5292.307692307692,7.7042307861400525,0.000044273972976760515,0.025494331065759636,0.025,0.2976190476190476,0-0-193-2,ay,josef-fruehwald_speaker,group_0,1,fave,4,tried,1,0.060000000000002274,have,to,R,D,R,D,internal
608.8887033056761,1351.9013320301622,2134.8679700781477,3.00764994774252,2.764335879063648,4.1193249525959725,4594.871794871795,7.206050891389464,0.000058529306505917254,0.05749433106575964,0.057,0.6063829787234043,0-0-209-1,ay,josef-fruehwald_speaker,group_0,1,fave,4,by,1,0.06999999999999318,caused,reflection,B,#,B,R,final
674.397275105408,1346.068965087823,2212.653728975909,3.0086746769763124,2.8913057510008735,4.494967825543947,4769.2307692307695,7.199861257850951,0.0026251194777925048,0.10349433106575961,0.10299999999999998,0.6280487804878049,0-0-216-1,ay,josef-fruehwald_speaker,group_0,1,fave,4,by,1,0.14000000000000057,rays,the,B,#,B,DH,final
670.4478128948235,1358.1564838676218,2227.451330851275,3.339687879674964,2.891902739728167,4.209188913726898,5292.307692307692,7.762167622344623,0.0007946107312176936,0.09349433106575965,0.093,0.5344827586206896,0-0-235-1,ay,josef-fruehwald_speaker,group_0,1,fave,4,by,1,0.15000000000000568,"",the,B,#,B,DH,final
655.5136623366149,1543.1136621644257,2139.5348191517614,3.2419484308346513,2.9175439917856805,4.195259717118942,5292.307692307692,7.953752081309419,0.00023102952397421645,0.06549433106575964,0.065,0.5241935483870968,0-0-246-0,ay,josef-fruehwald_speaker,group_0,1,fave,4,ideas,0,0.09999999999999432,complicated,about,#,D,D,D,initial
677.3708414807342,1300.2357308060145,2026.0153491426413,3.1106851447286448,3.0196557469407552,4.666250692630687,4420.51282051282,7.338280790480728,0.001212107459560854,0.07949433106575962,0.07899999999999999,0.5129870129870129,0-0-263-1,ay,josef-fruehwald_speaker,group_0,1,fave,4,size,1,0.12999999999999545,the,of,S,Z,S,Z,internal
671.0506698326753,1434.231232443546,2279.1774544554464,3.286173966200527,2.7568882533237433,4.007140642931673,4769.2307692307695,7.962757337389955,0.00024651271712406467,0.11949433106575963,0.119,0.6467391304347826,0-0-279-1,ay,josef-fruehwald_speaker,group_0,1,fave,4,size,1,0.1599999999999966,the,of,S,Z,S,Z,internal
660.4565368577755,1614.5086739484254,2209.302699555273,3.951747146219996,3.1901210831093154,4.492751982045287,4943.589743589744,7.8488631798845345,0.0011793598751226458,0.06949433106575964,0.069,0.6634615384615384,0-0-287-2,ay,josef-fruehwald_speaker,group_0,1,fave,4,primary,1,0.0799999999999983,actual,rainbow,R,M,R,M,internal
779.5908489905922,1404.0037619225766,2998.8884215794174,3.888606670158747,3.558107292125216,4.126686465914892,7210.25641025641,7.350232269876172,0.0031504792961144228,0.12949433106575967,0.129,0.6323529411764707,0-0-333-1,ay,josef-fruehwald_speaker,group_0,1,fave,4,wide,1,0.1799999999999926,abnormally,yellow,W,D,W,D,internal
280.728177773733,1787.4305540365895,2439.92762428747,3.1998839586750987,3.3572367228908764,3.549179407745217,4769.2307692307695,7.561730828351162,0.0007927638596581766,0.025494331065759643,0.025,0.17361111111111113,0-0-54-1,Tuw,josef-fruehwald_speaker,group_0,1,fave,4,two,1,0.120000000000001,its,ends,T,#,T,e,final
345.46826167739175,1075.8777100396571,1546.0531895038375,3.2982388983052213,3.6282517250093638,3.1856637913005716,5292.307692307692,7.271945304730696,0.00004012191582961029,0.025494331065759636,0.025,0.26595744680851063,0-0-117-2,Tuw,josef-fruehwald_speaker,group_0,1,fave,4,throughout,0,0.07000000000000028,"",the,R,aw,R,aw,internal
359.24916505727884,1385.9166462960607,2383.996884598916,2.93760140031511,3.312833593346495,3.2360472833557994,5641.025641025641,7.084889209986668,0.00005858951980258456,0.025494331065759636,0.025,0.21929824561403513,0-0-147-1,Tuw,josef-fruehwald_speaker,group_0,1,fave,4,to,1,0.09000000000000341,used,imagine,T,#,T,i,final
357.899818007705,1383.9531579431286,2572.752430736059,2.7535524702012357,4.408114755593905,3.6127476346042804,5815.384615384615,6.203315252884421,0.02001755039571137,0.02549433106575963,0.025,0.0984251968503937,0-0-375-2,Tuw,josef-fruehwald_speaker,group_0,1,fave,4,blue,1,0.23000000000000398,or,"",L,#,L,"",final
326.2948215956473,640.6375341749768,2640.934049517227,2.435843369967621,3.416449161902377,3.3530166941644133,5466.666666666667,6.700114249561483,0.0006726401401802942,0.05549433106575965,0.055,0.3353658536585366,0-0-70-1,oyL,josef-fruehwald_speaker,group_0,1,fave,4,boiling,1,0.14000000000000057,a,pot,B,L,B,L,internal
372.33394755423575,931.1922056554836,2455.0808773090935,3.1146155364167623,4.2903176735968565,3.3348100386732855,5466.666666666667,6.481005780091658,0.00005902562209689564,0.031494331065759634,0.031,0.32978723404255317,0-0-73-1,owL,josef-fruehwald_speaker,group_0,1,fave,4,gold,1,0.07000000000000028,of,at,G,L,G,L,internal
384.7952563197082,1023.9567427929645,2286.2930045656044,3.0659053205239437,3.9720519556195453,3.560032071357641,4246.153846153846,6.676843409223,0.00007791347206729346,0.027494331065759638,0.027000000000000003,0.32142857142857145,0-0-108-1,owL,josef-fruehwald_speaker,group_0,1,fave,4,gold,1,0.05999999999999872,of,"",G,L,G,L,internal
508.85827037439054,1020.9523669917818,3306.390564850162,3.1057002602310573,3.656734627359051,3.7168562422180162,5292.307692307692,7.68148648613114,0.0004361564831773065,0.03749433106575964,0.037000000000000005,0.324561403508772,0-0-79-1,u,josef-fruehwald_speaker,group_0,1,fave,4,look,1,0.08999999999999986,people,"",L,K,L,K,internal
464.7823573122691,1130.4191551294086,2403.336322915236,2.9401397908750373,3.684335936744915,4.055578689325973,4420.51282051282,7.762918003497826,0.0000448743769197514,0.027494331065759638,0.027000000000000003,0.32142857142857145,0-0-91-1,u,josef-fruehwald_speaker,group_0,1,fave,4,looks,1,0.05999999999999872,man,for,L,K,L,K,internal
475.4394634415906,1717.9277689273183,2424.685204581782,2.7893153340381946,2.927933213841346,3.870577050974196,5641.025641025641,7.743974799933859,0.0004971316644446395,0.05349433106575964,0.053,0.3680555555555556,0-0-100-1,eyF,josef-fruehwald_speaker,group_0,1,fave,4,say,1,0.120000000000001,friends,he,S,#,S,HH,final
354.1105326958291,1798.1615024676248,2118.6263192445026,3.1558229242392626,3.3131948259072157,3.197222396350795,5815.384615384615,7.644280482061832,0.00001840400611115672,0.027494331065759638,0.027000000000000003,0.32142857142857145,0-0-137-1,iyr,josef-fruehwald_speaker,group_0,1,fave,4,miracle,1,0.060000000000002274,a,"",M,R,M,R,internal
317.5283555977313,614.3997217493833,2397.11200117804,3.0399239291283586,3.2625641709794384,3.9958463350450084,4769.2307692307695,6.436891905262013,0.00015988845205874185,0.04549433106575962,0.045,0.3358208955223881,0-0-159-1,owr,josef-fruehwald_speaker,group_0,1,fave,4,war,1,0.10999999999999943,foretell,"",W,R,W,R,internal
253.82594683187853,519.6588268254409,1346.9883697966495,3.0586794737135445,3.240709274608601,4.425268298454848,3200.0,5.8738987306625905,0.2068171747478996,0.06549433106575964,0.065,0.33505154639175255,0-0-161-0,owr,josef-fruehwald_speaker,group_0,1,fave,4,or,1,0.1700000000000017,"",heavy,#,R,"",R,initial
322.3702789192457,563.0279652125156,1457.9877633389929,2.9281466469374897,3.388351020866404,4.2540051575580895,3374.3589743589746,6.266455760932882,0.0016515112066028416,0.03549433106575964,0.035,0.3365384615384616,0-0-252-1,owr,josef-fruehwald_speaker,group_0,1,fave,4,formed,1,0.0799999999999983,been,"",F,R,F,R,internal
392.4466274533887,1124.117002912826,2124.3472894073075,3.1581552441798832,3.680429116457532,3.7407092287213133,5466.666666666667,6.9079172042741375,0.0001453249839016942,0.031494331065759634,0.031,0.32978723404255317,0-0-332-3,owr,josef-fruehwald_speaker,group_0,1,fave,4,abnormally,1,0.07000000000000739,with,wide,N,R,N,R,internal
301.44949342028974,533.7427562814809,1447.1253595659352,3.0086375786667934,3.1247956505935233,4.4850334597771,3374.3589743589746,6.287236854485617,0.004558932191908523,0.03549433106575964,0.035,0.3365384615384616,0-0-346-1,owr,josef-fruehwald_speaker,group_0,1,fave,4,form,1,0.0799999999999983,mixes,yellow,F,R,F,R,internal
258.44052372981747,569.2467979088781,1825.2337535409097,2.933555819879309,3.4080840790348907,4.289995625663207,4420.51282051282,6.159811227408232,0.01301551172056542,0.041494331065759636,0.041,0.3306451612903226,0-0-371-0,owr,josef-fruehwald_speaker,group_0,1,fave,4,or,1,0.10000000000000853,"",no,#,R,"",R,initial
356.2641331393677,720.8727239649215,2033.4923769020686,3.551999202346401,3.774304159719297,4.087370761179054,4769.2307692307695,6.3151989295197595,0.032592114244957546,0.04549433106575962,0.045,0.3358208955223881,0-0-374-0,owr,josef-fruehwald_speaker,group_0,1,fave,4,or,1,0.10999999999999943,green,blue,#,R,N,R,initial
367.05002200671066,1142.742156492535,2412.5801969347694,2.8301028806857595,2.7944574730579297,3.6621479066152807,5466.666666666667,6.996700647810999,0.0014056280503546756,0.04149433106575964,0.041,0.28472222222222227,0-0-174-0,ow,josef-fruehwald_speaker,group_0,1,fave,4,over,1,0.12000000000000455,"",which,#,V,"",V,initial
470.30095418395643,1237.0953641690678,2217.008957482703,3.306144604960506,3.715089811265636,3.561254119572977,5117.948717948718,7.153329824806283,0.0030516949742575524,0.03749433106575964,0.037,0.16517857142857142,0-0-185-1,ow,josef-fruehwald_speaker,group_0,1,fave,4,home,1,0.19999999999999574,their,in,HH,M,HH,M,internal
423.44322008941356,1269.1030710044056,2337.500423085496,2.6414637160512107,2.6547114103519944,3.1669789390750944,4594.871794871795,7.109228069380514,0.0016066403521574173,0.03149433106575964,0.031,0.15196078431372553,0-0-303-1,ow,josef-fruehwald_speaker,group_0,1,fave,4,bows,1,0.1799999999999926,of,"",B,Z,B,Z,internal
412.0790290209112,1571.9966201378793,2054.4194453680598,2.883211153722905,2.9668155813209207,3.8103202446683078,4943.589743589744,7.481746024838761,0.00027049647415136423,0.027494331065759638,0.027000000000000003,0.217741935483871,0-0-361-1,ow,josef-fruehwald_speaker,group_0,1,fave,4,showing,1,0.10000000000000853,"","",SH,i,SH,i,internal
302.39788772758305,1253.4395378900401,1609.6167089576136,2.780321960531901,3.2759404427831624,4.653474103815939,3200.0,7.5409840438462785,0.0006796779970532385,0.027494331065759645,0.027000000000000003,0.32142857142857145,0-0-286-3,@L,josef-fruehwald_speaker,group_0,1,fave,4,actual,0,0.060000000000002274,the,primary,SH,L,SH,L,internal
455.16441883214304,1139.3787420591357,2156.694257291022,3.803108605763661,3.3425265838622233,4.043399445234998,5641.025641025641,7.316825554643334,9.177385856467951e-6,0.02549433106575964,0.025,0.33783783783783783,0-0-332-6,@L,josef-fruehwald_speaker,group_0,1,fave,4,abnormally,0,0.05000000000001137,with,wide,M,L,M,L,internal
416.64591853637035,1273.0875353711467,2332.9024037499744,3.6829897926236637,3.7187189819981756,3.701353735316355,5641.025641025641,7.712869709989434,0.000051850908991317567,0.031494331065759634,0.031,0.32978723404255317,0-0-369-3,@L,josef-fruehwald_speaker,group_0,1,fave,4,little,0,0.07000000000000739,with,"",T,L,T,L,internal
542.5873695275582,751.6063675507148,2791.668820535154,3.5151991558838827,4.199939779914889,3.951697895637415,4420.51282051282,8.031431208963847,0.002077936852135239,0.07149433106575963,0.07100000000000001,0.3317757009345795,0-0-314-1,ohL,josef-fruehwald_speaker,group_0,1,fave,4,falls,1,0.19000000000001194,"","",F,L,F,L,internal
424.5400528741208,1847.3563934996,2340.153072151611,2.5989174293521926,3.2694751692450437,4.112157147106575,5117.948717948718,7.536672346007922,0.000081502435883104,0.027494331065759638,0.027000000000000003,0.32142857142857145,0-0-334-1,eL,josef-fruehwald_speaker,group_0,1,fave,4,yellow,1,0.060000000000002274,wide,band,Y,L,Y,L,internal
396.6910249259255,1869.8993266220664,2395.9894690210463,3.08631032688611,3.017161822199504,3.885047964203092,5466.666666666667,7.808453180099906,0.00006429122837506999,0.031494331065759634,0.031,0.32978723404255317,0-0-347-1,eL,josef-fruehwald_speaker,group_0,1,fave,4,yellow,1,0.06999999999999318,form,"",Y,L,Y,L,internal
397.7972319231968,1913.4622698088338,2216.4132656923275,2.8794118156303594,3.057353286907418,4.455885837712206,5466.666666666667,7.504924105252173,0.00039383676131352015,0.031494331065759634,0.031,0.32978723404255317,0-0-366-1,eL,josef-fruehwald_speaker,group_0,1,fave,4,yellow,1,0.06999999999999318,and,"",Y,L,Y,L,internal
